seqNumber,docID,edinetCode,secCode,JCN,filerName,fundCode,ordinanceCode,formCode,docTypeCode,periodStart,periodEnd,submitDateTime,docDescription,issuerEdinetCode,subjectEdinetCode,subsidiaryEdinetCode,currentReportReason,parentDocID,opeDateTime,withdrawalStatus,docInfoEditStatus,disclosureStatus,xbrlFlag,pdfFlag,attachDocFlag,englishDocFlag,csvFlag,legalStatus
1,S100YTY4,E12460,,7010001054021,野村アセットマネジメント株式会社,G16011,030,04A000,030,,,2026-08-07 09:00,有価証券届出書（内国投資信託受益証券）,,,,,,,0,0,0,1,1,1,0,1,1
2,S100YUXG,E01045,49660,8120001077365,上村工業株式会社,,010,170000,220,,,2026-08-07 09:00,自己株券買付状況報告書（法２４条の６第１項に基づくもの）,,,,,,,0,0,0,1,1,0,0,1,1
3,S100YSV8,E10677,,9010001021473,アセットマネジメントＯｎｅ株式会社,G04702,030,07A000,120,2025-11-07,2026-05-07,2026-08-07 09:00,有価証券報告書（内国投資信託受益証券）－第41期(2025/11/07－2026/05/07),,,,,,,0,0,0,1,1,1,0,1,1
4,S100YTQC,E12460,,7010001054021,野村アセットマネジメント株式会社,G16012,030,04A000,030,,,2026-08-07 09:00,有価証券届出書（内国投資信託受益証券）,,,,,,,0,0,0,1,1,1,0,1,1
5,S100YRYS,E06748,,2010001049257,大和アセットマネジメント株式会社,G03631,030,07A000,120,2025-11-18,2026-05-15,2026-08-07 09:00,有価証券報告書（内国投資信託受益証券）－第46期(2025/11/18－2026/05/15),,,,,,,0,0,0,1,1,1,0,1,1
6,S100YL32,E08957,,4010401049128,三井住友ＤＳアセットマネジメント株式会社,G13286,030,995000,180,,,2026-08-07 09:00,臨時報告書（内国特定有価証券）,,,,第29条第2項第4号,,,0,0,0,1,1,0,0,1,1
7,S100YOV9,E12460,,7010001054021,野村アセットマネジメント株式会社,G08562,030,07A000,120,2025-11-14,2026-05-13,2026-08-07 09:00,有価証券報告書（内国投資信託受益証券）－第29期(2025/11/14－2026/05/13),,,,,,,0,0,0,1,1,1,0,1,1
8,S100YUOQ,E02404,79560,8010001027298,ピジョン株式会社,,010,043A00,160,2026-01-01,2026-12-31,2026-08-07 09:01,半期報告書－第70期(2026/01/01－2026/12/31),,,,,,,0,0,0,1,1,0,0,1,1
9,S100YTPI,E02275,77520,2010801012579,株式会社リコー,,010,170000,220,,,2026-08-07 09:01,自己株券買付状況報告書（法２４条の６第１項に基づくもの）,,,,,,,0,0,0,1,1,0,0,1,1
10,S100YT73,E10677,,9010001021473,アセットマネジメントＯｎｅ株式会社,G04914,030,07A000,120,2025-11-06,2026-05-07,2026-08-07 09:01,有価証券報告書（内国投資信託受益証券）－第40期(2025/11/06－2026/05/07),,,,,,,0,0,0,1,1,1,0,1,1
11,S100YOVA,E12460,,7010001054021,野村アセットマネジメント株式会社,G08562,030,04A001,040,,,2026-08-07 09:01,訂正有価証券届出書（内国投資信託受益証券）,,,,,S100XDPJ,,0,0,0,1,1,1,0,1,1
12,S100YSV7,E10677,,9010001021473,アセットマネジメントＯｎｅ株式会社,G04702,030,04A000,030,,,2026-08-07 09:01,有価証券届出書（内国投資信託受益証券）,,,,,,,0,0,0,1,1,1,0,1,1
13,S100YT5B,E12425,,5010001048652,フランクリン・テンプルトン・ジャパン株式会社,G16006,030,04A000,030,,,2026-08-07 09:01,有価証券届出書（内国投資信託受益証券）,,,,,,,0,0,0,1,1,1,0,1,1
14,S100YTFQ,E10677,,9010001021473,アセットマネジメントＯｎｅ株式会社,G11879,030,07A000,120,2025-05-09,2026-05-08,2026-08-07 09:01,有価証券報告書（内国投資信託受益証券）－第16期(2025/05/09－2026/05/08),,,,,,,0,0,0,1,1,1,0,1,1
15,S100YT63,E10677,,9010001021473,アセットマネジメントＯｎｅ株式会社,G05405,030,07A000,120,2025-11-11,2026-05-08,2026-08-07 09:01,有価証券報告書（内国投資信託受益証券）－第38期(2025/11/11－2026/05/08),,,,,,,0,0,0,1,1,1,0,1,1
16,S100YUP6,E02404,79560,8010001027298,ピジョン株式会社,,010,042000,135,,,2026-08-07 09:01,確認書,,,,,,,0,0,0,0,1,0,0,0,1
17,S100YT79,E10677,,9010001021473,アセットマネジメントＯｎｅ株式会社,G04914,030,04A000,030,,,2026-08-07 09:02,有価証券届出書（内国投資信託受益証券）,,,,,,,0,0,0,1,1,1,0,1,1
18,S100YTGE,E10677,,9010001021473,アセットマネジメントＯｎｅ株式会社,G15686,030,07A000,120,2025-11-12,2026-05-08,2026-08-07 09:02,有価証券報告書（内国投資信託受益証券）－第1期(2025/11/12－2026/05/08),,,,,,,0,0,0,1,1,1,0,1,1
19,S100YNJC,E12448,,8010401040306,明治安田アセットマネジメント株式会社,G02262,030,07A000,120,2025-11-11,2026-05-11,2026-08-07 09:02,有価証券報告書（内国投資信託受益証券）－第41期(2025/11/11－2026/05/11),,,,,,,0,0,0,1,1,1,0,1,1
20,S100YUIF,E35933,,5010001203678,Ｇｌｏｂａｌ　Ｘ　Ｊａｐａｎ株式会社,G13876,030,995000,180,,,2026-08-07 09:02,臨時報告書（内国特定有価証券）,,,,第29条第2項第4号,,,0,0,0,1,1,0,0,1,1
21,S100YSTG,E12444,,8010001114914,三井住友トラスト・アセットマネジメント株式会社,G14686,030,07A000,120,2025-11-08,2026-05-07,2026-08-07 09:02,有価証券報告書（内国投資信託受益証券）－第7期(2025/11/08－2026/05/07),,,,,,,0,0,0,1,1,1,0,1,1
22,S100YT88,E10677,,9010001021473,アセットマネジメントＯｎｅ株式会社,G11927,030,07A000,120,2025-05-09,2026-05-08,2026-08-07 09:02,有価証券報告書（内国投資信託受益証券）－第11期(2025/05/09－2026/05/08),,,,,,,0,0,0,1,1,1,0,1,1
23,S100YTBM,E10677,,9010001021473,アセットマネジメントＯｎｅ株式会社,G11883,030,07A000,120,2025-05-09,2026-05-08,2026-08-07 09:02,有価証券報告書（内国投資信託受益証券）－第16期(2025/05/09－2026/05/08),,,,,,,0,0,0,1,1,1,0,1,1
24,S100YTFS,E10677,,9010001021473,アセットマネジメントＯｎｅ株式会社,G11879,030,04A000,030,,,2026-08-07 09:03,有価証券届出書（内国投資信託受益証券）,,,,,,,0,0,0,1,1,1,0,1,1
25,S100YT6O,E10677,,9010001021473,アセットマネジメントＯｎｅ株式会社,G05405,030,04A000,030,,,2026-08-07 09:03,有価証券届出書（内国投資信託受益証券）,,,,,,,0,0,0,1,1,1,0,1,1
26,S100YT6W,E10677,,9010001021473,アセットマネジメントＯｎｅ株式会社,G11940,030,10A000,160,2025-11-08,2026-11-09,2026-08-07 09:03,半期報告書（内国投資信託受益証券）－第39期(2025/11/08－2026/11/09),,,,,,,0,0,0,1,1,0,0,1,1
27,S100YUIH,E35933,,5010001203678,Ｇｌｏｂａｌ　Ｘ　Ｊａｐａｎ株式会社,G14514,030,995000,180,,,2026-08-07 09:03,臨時報告書（内国特定有価証券）,,,,第29条第2項第4号,,,0,0,0,1,1,0,0,1,1
28,S100YTGN,E10677,,9010001021473,アセットマネジメントＯｎｅ株式会社,G15686,030,04A001,040,,,2026-08-07 09:03,訂正有価証券届出書（内国投資信託受益証券）,,,,,S100WWF3,,0,0,0,1,1,1,0,1,1
29,S100YF1K,E12473,,4010001031576,ＵＢＳアセット・マネジメント株式会社,G05353,030,07A000,120,2025-05-08,2026-05-07,2026-08-07 09:03,有価証券報告書（内国投資信託受益証券）－第19期(2025/05/08－2026/05/07),,,,,,,0,0,0,1,1,1,0,1,1
30,S100YT85,E10677,,9010001021473,アセットマネジメントＯｎｅ株式会社,G11927,030,04A000,030,,,2026-08-07 09:03,有価証券届出書（内国投資信託受益証券）,,,,,,,0,0,0,1,1,1,0,1,1
31,S100YNJO,E12448,,8010401040306,明治安田アセットマネジメント株式会社,G02262,030,04A000,030,,,2026-08-07 09:03,有価証券届出書（内国投資信託受益証券）,,,,,,,0,0,0,1,1,1,0,1,1
32,S100YRYT,E06748,,2010001049257,大和アセットマネジメント株式会社,G03631,030,04A000,030,,,2026-08-07 09:03,有価証券届出書（内国投資信託受益証券）,,,,,,,0,0,0,1,1,1,0,1,1
33,S100YF1N,E12473,,4010001031576,ＵＢＳアセット・マネジメント株式会社,G05353,030,04A000,030,,,2026-08-07 09:04,有価証券届出書（内国投資信託受益証券）,,,,,,,0,0,0,1,1,1,0,1,1
34,S100YTBW,E10677,,9010001021473,アセットマネジメントＯｎｅ株式会社,G11883,030,04A000,030,,,2026-08-07 09:04,有価証券届出書（内国投資信託受益証券）,,,,,,,0,0,0,1,1,1,0,1,1
35,S100YT6X,E10677,,9010001021473,アセットマネジメントＯｎｅ株式会社,G11940,030,04A000,030,,,2026-08-07 09:04,有価証券届出書（内国投資信託受益証券）,,,,,,,0,0,0,1,1,1,0,1,1
36,S100YUIK,E35933,,5010001203678,Ｇｌｏｂａｌ　Ｘ　Ｊａｐａｎ株式会社,G14726,030,995000,180,,,2026-08-07 09:04,臨時報告書（内国特定有価証券）,,,,第29条第2項第4号,,,0,0,0,1,1,0,0,1,1
37,S100YSVL,E10677,,9010001021473,アセットマネジメントＯｎｅ株式会社,G11899,030,07A000,120,2025-11-06,2026-05-07,2026-08-07 09:04,有価証券報告書（内国投資信託受益証券）－第26期(2025/11/06－2026/05/07),,,,,,,0,0,0,1,1,1,0,1,1
38,S100YTJ5,E12453,,9010001025953,ニッセイアセットマネジメント株式会社,G16004,030,04A000,030,,,2026-08-07 09:04,有価証券届出書（内国投資信託受益証券）,,,,,,,0,0,0,1,1,1,0,1,1
39,S100YT1M,E10677,,9010001021473,アセットマネジメントＯｎｅ株式会社,G11941,030,10A000,160,2025-11-08,2026-11-09,2026-08-07 09:04,半期報告書（内国投資信託受益証券）－第39期(2025/11/08－2026/11/09),,,,,,,0,0,0,1,1,0,0,1,1
40,S100YPHS,E11518,,9010001034450,三菱ＵＦＪアセットマネジメント株式会社,G15213,030,07A000,120,2025-11-11,2026-05-10,2026-08-07 09:04,有価証券報告書（内国投資信託受益証券）－第5期(2025/11/11－2026/05/10),,,,,,,0,0,0,1,1,1,0,1,1
41,S100YTQX,E02792,74170,5290001015146,株式会社南陽,,010,170000,220,,,2026-08-07 09:04,自己株券買付状況報告書（法２４条の６第１項に基づくもの）,,,,,,,0,0,0,1,1,0,0,1,1
42,S100YSK5,E12434,,7010001031160,ＳＯＭＰＯアセットマネジメント株式会社,G15325,030,10A000,160,2025-11-11,2026-11-10,2026-08-07 09:04,半期報告書（内国投資信託受益証券）－第2期(2025/11/11－2026/11/10),,,,,,,0,0,0,1,1,0,0,1,1
43,S100YSTE,E12444,,8010001114914,三井住友トラスト・アセットマネジメント株式会社,G14686,030,04A000,030,,,2026-08-07 09:04,有価証券届出書（内国投資信託受益証券）,,,,,,,0,0,0,1,1,1,0,1,1
44,S100YSKA,E12473,,4010001031576,ＵＢＳアセット・マネジメント株式会社,G07560,030,995000,180,,,2026-08-07 09:04,臨時報告書（内国特定有価証券）,,,,第29条第2項第4号,,,0,0,0,1,1,0,0,1,1
45,S100YT8E,E10677,,9010001021473,アセットマネジメントＯｎｅ株式会社,G15005,030,07A000,120,2025-11-06,2026-05-07,2026-08-07 09:04,有価証券報告書（内国投資信託受益証券）－第6期(2025/11/06－2026/05/07),,,,,,,0,0,0,1,1,1,0,1,1
46,S100YUIL,E35933,,5010001203678,Ｇｌｏｂａｌ　Ｘ　Ｊａｐａｎ株式会社,G14903,030,995000,180,,,2026-08-07 09:05,臨時報告書（内国特定有価証券）,,,,第29条第2項第4号,,,0,0,0,1,1,0,0,1,1
47,S100YT1O,E10677,,9010001021473,アセットマネジメントＯｎｅ株式会社,G11941,030,04A000,030,,,2026-08-07 09:05,有価証券届出書（内国投資信託受益証券）,,,,,,,0,0,0,1,1,1,0,1,1
48,S100YPKV,E11518,,9010001034450,三菱ＵＦＪアセットマネジメント株式会社,G01761,030,10A000,160,2025-11-11,2026-11-10,2026-08-07 09:05,半期報告書（内国投資信託受益証券）－第29期(2025/11/11－2026/11/10),,,,,,,0,0,0,1,1,0,0,1,1
49,S100YRRY,E11518,,9010001034450,三菱ＵＦＪアセットマネジメント株式会社,G15213,030,04A001,040,,,2026-08-07 09:05,訂正有価証券届出書（内国投資信託受益証券）,,,,,S100XCOH,,0,0,0,1,1,1,0,1,1
50,S100YSWX,E10677,,9010001021473,アセットマネジメントＯｎｅ株式会社,G15694,030,07A000,120,2025-11-12,2026-05-08,2026-08-07 09:05,有価証券報告書（内国投資信託受益証券）－第1期(2025/11/12－2026/05/08),,,,,,,0,0,0,1,1,1,0,1,1
51,S100YSKC,E12473,,4010001031576,ＵＢＳアセット・マネジメント株式会社,G13033,030,995000,180,,,2026-08-07 09:05,臨時報告書（内国特定有価証券）,,,,第29条第2項第4号,,,0,0,0,1,1,0,0,1,1
52,S100YUS2,E02560,80510,1120001049040,株式会社山善,,010,170000,220,,,2026-08-07 09:05,自己株券買付状況報告書（法２４条の６第１項に基づくもの）,,,,,,,0,0,0,1,1,0,0,1,1
53,S100YT9H,E10677,,9010001021473,アセットマネジメントＯｎｅ株式会社,G15685,030,07A000,120,2025-11-12,2026-05-08,2026-08-07 09:05,有価証券報告書（内国投資信託受益証券）－第1期(2025/11/12－2026/05/08),,,,,,,0,0,0,1,1,1,0,1,1
54,S100YV3A,E05233,43200,8430001003331,株式会社ＣＥホールディングス,,040,040000,290,,,2026-08-07 09:05,意見表明報告書,,E42064,,,S100YUXZ,,0,0,0,1,1,0,0,1,1
55,S100YTC5,E10677,,9010001021473,アセットマネジメントＯｎｅ株式会社,G11917,030,07A000,120,2025-05-09,2026-05-08,2026-08-07 09:05,有価証券報告書（内国投資信託受益証券）－第11期(2025/05/09－2026/05/08),,,,,,,0,0,0,1,1,1,0,1,1
56,S100YUIP,E35933,,5010001203678,Ｇｌｏｂａｌ　Ｘ　Ｊａｐａｎ株式会社,G15029,030,995000,180,,,2026-08-07 09:06,臨時報告書（内国特定有価証券）,,,,第29条第2項第4号,,,0,0,0,1,1,0,0,1,1
57,S100YSVP,E10677,,9010001021473,アセットマネジメントＯｎｅ株式会社,G11899,030,04A000,030,,,2026-08-07 09:06,有価証券届出書（内国投資信託受益証券）,,,,,,,0,0,0,1,1,1,0,1,1
58,S100YT1V,E10677,,9010001021473,アセットマネジメントＯｎｅ株式会社,G11924,030,07A000,120,2025-05-09,2026-05-08,2026-08-07 09:06,有価証券報告書（内国投資信託受益証券）－第11期(2025/05/09－2026/05/08),,,,,,,0,0,0,1,1,1,0,1,1
59,S100YT8G,E10677,,9010001021473,アセットマネジメントＯｎｅ株式会社,G15005,030,04A000,030,,,2026-08-07 09:06,有価証券届出書（内国投資信託受益証券）,,,,,,,0,0,0,1,1,1,0,1,1
60,S100YPHW,E11518,,9010001034450,三菱ＵＦＪアセットマネジメント株式会社,G15214,030,07A000,120,2025-11-11,2026-05-10,2026-08-07 09:06,有価証券報告書（内国投資信託受益証券）－第5期(2025/11/11－2026/05/10),,,,,,,0,0,0,1,1,1,0,1,1
61,S100YSXE,E10677,,9010001021473,アセットマネジメントＯｎｅ株式会社,G15694,030,04A001,040,,,2026-08-07 09:06,訂正有価証券届出書（内国投資信託受益証券）,,,,,S100WWSZ,,0,0,0,1,1,1,0,1,1
62,S100YT9P,E10677,,9010001021473,アセットマネジメントＯｎｅ株式会社,G15685,030,04A001,040,,,2026-08-07 09:06,訂正有価証券届出書（内国投資信託受益証券）,,,,,S100WWF1,,0,0,0,1,1,1,0,1,1
63,S100YUIR,E35933,,5010001203678,Ｇｌｏｂａｌ　Ｘ　Ｊａｐａｎ株式会社,G15127,030,995000,180,,,2026-08-07 09:06,臨時報告書（内国特定有価証券）,,,,第29条第2項第4号,,,0,0,0,1,1,0,0,1,1
64,S100YT1X,E10677,,9010001021473,アセットマネジメントＯｎｅ株式会社,G11924,030,04A000,030,,,2026-08-07 09:06,有価証券届出書（内国投資信託受益証券）,,,,,,,0,0,0,1,1,1,0,1,1
65,S100YTCA,E10677,,9010001021473,アセットマネジメントＯｎｅ株式会社,G11917,030,04A000,030,,,2026-08-07 09:07,有価証券届出書（内国投資信託受益証券）,,,,,,,0,0,0,1,1,1,0,1,1
66,S100YSZ7,E10677,,9010001021473,アセットマネジメントＯｎｅ株式会社,G15695,030,07A000,120,2025-11-12,2026-05-08,2026-08-07 09:07,有価証券報告書（内国投資信託受益証券）－第1期(2025/11/12－2026/05/08),,,,,,,0,0,0,1,1,1,0,1,1
67,S100YRZI,E12444,,8010001114914,三井住友トラスト・アセットマネジメント株式会社,G15128,030,07A000,120,2025-11-08,2026-05-07,2026-08-07 09:07,有価証券報告書（内国投資信託受益証券）－第5期(2025/11/08－2026/05/07),,,,,,,0,0,0,1,1,1,0,1,1
68,S100YRU9,E11518,,9010001034450,三菱ＵＦＪアセットマネジメント株式会社,G15214,030,04A001,040,,,2026-08-07 09:07,訂正有価証券届出書（内国投資信託受益証券）,,,,,S100XCOJ,,0,0,0,1,1,1,0,1,1
69,S100YUIT,E35933,,5010001203678,Ｇｌｏｂａｌ　Ｘ　Ｊａｐａｎ株式会社,G15132,030,995000,180,,,2026-08-07 09:07,臨時報告書（内国特定有価証券）,,,,第29条第2項第4号,,,0,0,0,1,1,0,0,1,1
70,S100YSZB,E10677,,9010001021473,アセットマネジメントＯｎｅ株式会社,G15695,030,04A001,040,,,2026-08-07 09:08,訂正有価証券届出書（内国投資信託受益証券）,,,,,S100WWT6,,0,0,0,1,1,1,0,1,1
71,S100YRI8,E13447,,2010401045054,ＳＢＩアセットマネジメント株式会社,G15210,030,07A000,120,2025-11-08,2026-05-07,2026-08-07 09:08,有価証券報告書（内国投資信託受益証券）－第4期(2025/11/08－2026/05/07),,,,,,,0,0,0,1,1,1,0,1,1
72,S100YAAD,E12430,,8010401072159,アモーヴァ・アセットマネジメント株式会社,G01693,030,10A000,160,2025-11-08,2026-11-09,2026-08-07 09:08,半期報告書（内国投資信託受益証券）－第39期(2025/11/08－2026/11/09),,,,,,,0,0,0,1,1,0,0,1,1
73,S100YSH3,E06748,,2010001049257,大和アセットマネジメント株式会社,G05156,030,07A000,120,2025-11-18,2026-05-15,2026-08-07 09:08,有価証券報告書（内国投資信託受益証券）－第39期(2025/11/18－2026/05/15),,,,,,,0,0,0,1,1,1,0,1,1
74,S100YV3C,E01190,52140,4160001001498,日本電気硝子株式会社,,010,170000,220,,,2026-08-07 09:08,自己株券買付状況報告書（法２４条の６第１項に基づくもの）,,,,,,,0,0,0,1,1,0,0,1,1
75,S100YPOL,E12422,,4010001046310,しんきんアセットマネジメント投信株式会社,G03664,030,07A000,120,2025-11-18,2026-05-15,2026-08-07 09:08,有価証券報告書（内国投資信託受益証券）－第46期(2025/11/18－2026/05/15),,,,,,,0,0,0,1,1,1,0,1,1
76,S100YT9Y,E10677,,9010001021473,アセットマネジメントＯｎｅ株式会社,G15692,030,07A000,120,2025-11-12,2026-05-08,2026-08-07 09:08,有価証券報告書（内国投資信託受益証券）－第1期(2025/11/12－2026/05/08),,,,,,,0,0,0,1,1,1,0,1,1
77,S100YAAC,E12430,,8010401072159,アモーヴァ・アセットマネジメント株式会社,G01693,030,04A000,030,,,2026-08-07 09:09,有価証券届出書（内国投資信託受益証券）,,,,,,,0,0,0,1,1,1,0,1,1
78,S100YRZG,E12444,,8010001114914,三井住友トラスト・アセットマネジメント株式会社,G15128,030,04A000,030,,,2026-08-07 09:09,有価証券届出書（内国投資信託受益証券）,,,,,,,0,0,0,1,1,1,0,1,1
79,S100YUIN,E02898,76090,9120001083156,ダイトロン株式会社,,010,043A00,160,2026-01-01,2026-12-31,2026-08-07 09:09,半期報告書－第75期(2026/01/01－2026/12/31),,,,,,,0,0,0,1,1,0,0,1,1
80,S100YUR1,E04520,95320,3120001077601,大阪瓦斯株式会社,,010,170000,220,,,2026-08-07 09:09,自己株券買付状況報告書（法２４条の６第１項に基づくもの）,,,,,,,0,0,0,1,1,0,0,1,1
81,S100YPP7,E11518,,9010001034450,三菱ＵＦＪアセットマネジメント株式会社,G14391,030,07A000,120,2025-11-11,2026-05-10,2026-08-07 09:09,有価証券報告書（内国投資信託受益証券）－第9期(2025/11/11－2026/05/10),,,,,,,0,0,0,1,1,1,0,1,1
82,S100YAAG,E12430,,8010401072159,アモーヴァ・アセットマネジメント株式会社,G14714,030,10A000,160,2025-11-08,2026-11-09,2026-08-07 09:09,半期報告書（内国投資信託受益証券）－第39期(2025/11/08－2026/11/09),,,,,,,0,0,0,1,1,0,0,1,1
83,S100YUMH,E30951,,5010902025790,株式会社こうどうホールディングス,,060,010002,350,,,2026-08-07 09:10,変更報告書,E30841,,,,,,0,0,0,1,1,0,0,1,1
84,S100YT9C,E10677,,9010001021473,アセットマネジメントＯｎｅ株式会社,G15692,030,04A001,040,,,2026-08-07 09:10,訂正有価証券届出書（内国投資信託受益証券）,,,,,S100WWRQ,,0,0,0,1,1,1,0,1,1
85,S100YPE1,E11518,,9010001034450,三菱ＵＦＪアセットマネジメント株式会社,G12962,030,07A000,120,2025-11-11,2026-05-10,2026-08-07 09:10,有価証券報告書（内国投資信託受益証券）－第17期(2025/11/11－2026/05/10),,,,,,,0,0,0,1,1,1,0,1,1
86,S100YAAE,E12430,,8010401072159,アモーヴァ・アセットマネジメント株式会社,G14714,030,04A000,030,,,2026-08-07 09:10,有価証券届出書（内国投資信託受益証券）,,,,,,,0,0,0,1,1,1,0,1,1
87,S100YTEP,E12430,,8010401072159,アモーヴァ・アセットマネジメント株式会社,G15130,030,995000,180,,,2026-08-07 09:11,臨時報告書（内国特定有価証券）,,,,第29条第2項第4号,,,0,0,0,1,1,0,0,1,1
88,S100YTB8,E10677,,9010001021473,アセットマネジメントＯｎｅ株式会社,G15693,030,07A000,120,2025-11-12,2026-05-08,2026-08-07 09:11,有価証券報告書（内国投資信託受益証券）－第1期(2025/11/12－2026/05/08),,,,,,,0,0,0,1,1,1,0,1,1
89,S100YRI1,E13447,,2010401045054,ＳＢＩアセットマネジメント株式会社,G15210,030,04A000,030,,,2026-08-07 09:11,有価証券届出書（内国投資信託受益証券）,,,,,,,0,0,0,1,1,1,0,1,1
90,S100YUX7,E02020,68700,5010001033646,日本フェンオール株式会社,,010,043A00,160,2026-01-01,2026-12-31,2026-08-07 09:11,半期報告書－第66期(2026/01/01－2026/12/31),,,,,,,0,0,0,1,1,0,0,1,1
91,S100YUIS,E02898,76090,9120001083156,ダイトロン株式会社,,010,042000,135,,,2026-08-07 09:11,確認書,,,,,,,0,0,0,0,1,0,0,0,1
92,S100YTEQ,E12430,,8010401072159,アモーヴァ・アセットマネジメント株式会社,G15131,030,995000,180,,,2026-08-07 09:12,臨時報告書（内国特定有価証券）,,,,第29条第2項第4号,,,0,0,0,1,1,0,0,1,1
93,S100YSOF,E21671,,1010001082655,レオス・キャピタルワークス株式会社,G15163,030,10A000,160,2025-11-18,2026-11-16,2026-08-07 09:12,半期報告書（内国投資信託受益証券）－第3期(2025/11/18－2026/11/16),,,,,,,0,0,0,1,1,0,0,1,1
94,S100YTAK,E10677,,9010001021473,アセットマネジメントＯｎｅ株式会社,G15693,030,04A001,040,,,2026-08-07 09:12,訂正有価証券届出書（内国投資信託受益証券）,,,,,S100WWRR,,0,0,0,1,1,1,0,1,1
95,S100YUBC,E12444,,8010001114914,三井住友トラスト・アセットマネジメント株式会社,,060,010002,350,,,2026-08-07 09:13,変更報告書,E33350,,,,S100T9ED,,0,0,0,1,1,1,0,1,1
96,S100YS42,E11518,,9010001034450,三菱ＵＦＪアセットマネジメント株式会社,G14391,030,04A001,040,,,2026-08-07 09:13,訂正有価証券届出書（内国投資信託受益証券）,,,,,S100XEFH,,0,0,0,1,1,1,0,1,1
97,S100YUX3,E02020,68700,5010001033646,日本フェンオール株式会社,,010,042000,135,,,2026-08-07 09:13,確認書,,,,,,,0,0,0,0,1,0,0,0,1
98,S100YSOP,E21671,,1010001082655,レオス・キャピタルワークス株式会社,G15163,030,04A000,030,,,2026-08-07 09:13,有価証券届出書（内国投資信託受益証券）,,,,,,,0,0,0,1,1,1,0,1,1
99,S100YSH4,E06748,,2010001049257,大和アセットマネジメント株式会社,G05156,030,04A000,030,,,2026-08-07 09:14,有価証券届出書（内国投資信託受益証券）,,,,,,,0,0,0,1,1,1,0,1,1
100,S100YUBB,E12444,,8010001114914,三井住友トラスト・アセットマネジメント株式会社,,060,010002,350,,,2026-08-07 09:14,変更報告書,E31280,,,,S100P6Q5,,0,0,0,1,1,1,0,1,1
101,S100YS1I,E11518,,9010001034450,三菱ＵＦＪアセットマネジメント株式会社,G01761,030,04A001,040,,,2026-08-07 09:14,訂正有価証券届出書（内国投資信託受益証券）,,,,,S100XEDU,,0,0,0,1,1,1,0,1,1
102,S100YUT6,E04410,94040,1010401051458,日本テレビホールディングス株式会社,,010,170000,220,,,2026-08-07 09:15,自己株券買付状況報告書（法２４条の６第１項に基づくもの）,,,,,,,0,0,0,1,1,0,0,1,1
103,S100YPOO,E12422,,4010001046310,しんきんアセットマネジメント投信株式会社,G03664,030,04A000,030,,,2026-08-07 09:15,有価証券届出書（内国投資信託受益証券）,,,,,,,0,0,0,1,1,1,0,1,1
104,S100YV0Q,E04304,93190,4130001018066,株式会社中央倉庫,,010,170000,220,,,2026-08-07 09:15,自己株券買付状況報告書（法２４条の６第１項に基づくもの）,,,,,,,0,0,0,1,1,0,0,1,1
105,S100YV3M,E00334,22820,6120001077615,日本ハム株式会社,,010,170000,220,,,2026-08-07 09:15,自己株券買付状況報告書（法２４条の６第１項に基づくもの）,,,,,,,0,0,0,1,1,0,0,1,1
106,S100YTCB,E10677,,9010001021473,アセットマネジメントＯｎｅ株式会社,G11853,030,07A000,120,2025-11-11,2026-05-08,2026-08-07 09:15,有価証券報告書（内国投資信託受益証券）－第40期(2025/11/11－2026/05/08),,,,,,,0,0,0,1,1,1,0,1,1
107,S100YPP9,E11518,,9010001034450,三菱ＵＦＪアセットマネジメント株式会社,G14392,030,07A000,120,2025-11-11,2026-05-10,2026-08-07 09:15,有価証券報告書（内国投資信託受益証券）－第9期(2025/11/11－2026/05/10),,,,,,,0,0,0,1,1,1,0,1,1
108,S100YPDZ,E11518,,9010001034450,三菱ＵＦＪアセットマネジメント株式会社,G12962,030,04A000,030,,,2026-08-07 09:16,有価証券届出書（内国投資信託受益証券）,,,,,,,0,0,0,1,1,1,0,1,1
109,S100YTC4,E10677,,9010001021473,アセットマネジメントＯｎｅ株式会社,G11853,030,04A000,030,,,2026-08-07 09:16,有価証券届出書（内国投資信託受益証券）,,,,,,,0,0,0,1,1,1,0,1,1
110,S100YS4B,E11518,,9010001034450,三菱ＵＦＪアセットマネジメント株式会社,G14392,030,04A001,040,,,2026-08-07 09:17,訂正有価証券届出書（内国投資信託受益証券）,,,,,S100XEFP,,0,0,0,1,1,1,0,1,1
111,S100YV3O,E01486,61130,7021001020895,株式会社アマダ,,010,170000,220,,,2026-08-07 09:17,自己株券買付状況報告書（法２４条の６第１項に基づくもの）,,,,,,,0,0,0,1,1,0,0,1,1
112,S100YRYY,E06748,,2010001049257,大和アセットマネジメント株式会社,G07218,030,07A000,120,2025-11-18,2026-05-15,2026-08-07 09:17,有価証券報告書（内国投資信託受益証券）－第35期(2025/11/18－2026/05/15),,,,,,,0,0,0,1,1,1,0,1,1
113,S100YNCR,E12422,,4010001046310,しんきんアセットマネジメント投信株式会社,G04663,030,07A000,120,2025-11-11,2026-05-11,2026-08-07 09:19,有価証券報告書（内国投資信託受益証券）－第41期(2025/11/11－2026/05/11),,,,,,,0,0,0,1,1,1,0,1,1
114,S100YV0R,E00098,19260,7010001008811,ライト工業株式会社,,010,170000,220,,,2026-08-07 09:19,自己株券買付状況報告書（法２４条の６第１項に基づくもの）,,,,,,,0,0,0,1,1,0,0,1,1
115,S100YUZK,E12457,,8010401009945,ゴールドマン・サックス・アセット・マネジメント株式会社,G05263,030,04A000,030,,,2026-08-07 09:19,有価証券届出書（内国投資信託受益証券）,,,,,,,0,0,0,1,1,1,0,1,1
116,S100YUZ2,E24483,,,Ｃｏｌｕｍｂｉａ　Ｍａｎａｇｅｍｅｎｔ　Ｉｎｖｅｓｔｍｅｎｔ　Ａｄｖｉｓｅｒｓ，　ＬＬＣ,,060,010002,350,,,2026-08-07 09:20,変更報告書,E39892,,,,S100YECV,,0,0,0,1,1,1,0,1,1
117,S100YV3N,E01946,69540,3090001010053,ファナック株式会社,,010,170000,220,,,2026-08-07 09:20,自己株券買付状況報告書（法２４条の６第１項に基づくもの）,,,,,,,0,0,0,1,1,0,0,1,1
118,S100YRZ1,E06748,,2010001049257,大和アセットマネジメント株式会社,G07218,030,04A000,030,,,2026-08-07 09:20,有価証券届出書（内国投資信託受益証券）,,,,,,,0,0,0,1,1,1,0,1,1
119,S100YUZO,E12457,,8010401009945,ゴールドマン・サックス・アセット・マネジメント株式会社,G05263,030,07A000,120,2025-11-11,2026-05-08,2026-08-07 09:20,有価証券報告書（内国投資信託受益証券）－第39期(2025/11/11－2026/05/08),,,,,,,0,0,0,1,1,1,0,1,1
120,S100YV3I,E02776,99820,7180001037793,タキヒヨー株式会社,,010,170000,220,,,2026-08-07 09:21,自己株券買付状況報告書（法２４条の６第１項に基づくもの）,,,,,,,0,0,0,1,1,0,0,1,1
121,S100YV3P,E00776,40630,5010001008680,信越化学工業株式会社,,010,170000,220,,,2026-08-07 09:22,自己株券買付状況報告書（法２４条の６第１項に基づくもの）,,,,,,,0,0,0,1,1,0,0,1,1
122,S100YUE8,E38219,,,ツェナ・インベストメント・マネジメント・エルエルシー（Ｐｚｅｎａ　Ｉｎｖｅｓｔｍｅｎｔ　Ｍａｎａｇｅｍｅｎｔ，　ＬＬＣ）,,060,030002,350,,,2026-08-07 09:22,変更報告書（特例対象株券等）,E27622,,,,,,0,0,0,1,1,1,0,1,1
123,S100YV3Y,E01202,52800,1080001010527,ヨシコン株式会社,,010,170000,220,,,2026-08-07 09:23,自己株券買付状況報告書（法２４条の６第１項に基づくもの）,,,,,,,0,0,0,1,1,0,0,1,1
124,S100YUB9,E03563,83590,3100001002833,株式会社八十二長野銀行,,010,170000,220,,,2026-08-07 09:23,自己株券買付状況報告書（法２４条の６第１項に基づくもの）,,,,,,,0,0,0,1,1,0,0,1,1
125,S100YND0,E12422,,4010001046310,しんきんアセットマネジメント投信株式会社,G04663,030,04A000,030,,,2026-08-07 09:24,有価証券届出書（内国投資信託受益証券）,,,,,,,0,0,0,1,1,1,0,1,1
126,S100YRQY,E11764,,1010401064261,Ｔ＆Ｄアセットマネジメント株式会社,G07695,030,07A000,120,2025-11-11,2026-05-11,2026-08-07 09:24,有価証券報告書（内国投資信託受益証券）－第33期(2025/11/11－2026/05/11),,,,,,,0,0,0,1,1,1,0,1,1
127,S100YRQX,E11764,,1010401064261,Ｔ＆Ｄアセットマネジメント株式会社,G07695,030,04A000,030,,,2026-08-07 09:25,有価証券届出書（内国投資信託受益証券）,,,,,,,0,0,0,1,1,1,0,1,1
128,S100YURI,E00659,39410,1120001036880,レンゴー株式会社,,010,170000,220,,,2026-08-07 09:25,自己株券買付状況報告書（法２４条の６第１項に基づくもの）,,,,,,,0,0,0,1,1,0,0,1,1
129,S100YRZ3,E06748,,2010001049257,大和アセットマネジメント株式会社,G09440,030,07A000,120,2025-05-16,2026-05-15,2026-08-07 09:26,有価証券報告書（内国投資信託受益証券）－第13期(2025/05/16－2026/05/15),,,,,,,0,0,0,1,1,1,0,1,1
130,S100YV3Z,E04925,97950,7021001001169,株式会社ステップ,,010,170000,220,,,2026-08-07 09:27,自己株券買付状況報告書（法２４条の６第１項に基づくもの）,,,,,,,0,0,0,1,1,0,0,1,1
131,S100YRZ5,E06748,,2010001049257,大和アセットマネジメント株式会社,G09440,030,04A000,030,,,2026-08-07 09:28,有価証券届出書（内国投資信託受益証券）,,,,,,,0,0,0,1,1,1,0,1,1
132,S100YNFZ,E12422,,4010001046310,しんきんアセットマネジメント投信株式会社,G13161,030,07A000,120,2025-05-13,2026-05-11,2026-08-07 09:28,有価証券報告書（内国投資信託受益証券）－第8期(2025/05/13－2026/05/11),,,,,,,0,0,0,1,1,1,0,1,1
133,S100YRZ8,E06748,,2010001049257,大和アセットマネジメント株式会社,G13590,030,07A000,120,2025-11-15,2026-05-14,2026-08-07 09:30,有価証券報告書（内国投資信託受益証券）－第14期(2025/11/15－2026/05/14),,,,,,,0,0,0,1,1,1,0,1,1
134,S100YV2T,E00752,40050,2010001071327,住友化学株式会社,,010,113001,090,,,2026-08-07 09:30,訂正発行登録書,,,,,S100Y4PX,,0,0,0,0,1,0,0,0,1
135,S100YV0H,E03571,83580,9080101000957,スルガ銀行株式会社,,010,170000,220,,,2026-08-07 09:31,自己株券買付状況報告書（法２４条の６第１項に基づくもの）,,,,,,,0,0,0,1,1,0,0,1,1
136,S100YRZ9,E06748,,2010001049257,大和アセットマネジメント株式会社,G13590,030,04A000,030,,,2026-08-07 09:32,有価証券届出書（内国投資信託受益証券）,,,,,,,0,0,0,1,1,1,0,1,1
137,S100YNG6,E12422,,4010001046310,しんきんアセットマネジメント投信株式会社,G13161,030,04A000,030,,,2026-08-07 09:33,有価証券届出書（内国投資信託受益証券）,,,,,,,0,0,0,1,1,1,0,1,1
138,S100YRZB,E06748,,2010001049257,大和アセットマネジメント株式会社,G13809,030,07A000,120,2025-05-15,2026-05-14,2026-08-07 09:33,有価証券報告書（内国投資信託受益証券）－第6期(2025/05/15－2026/05/14),,,,,,,0,0,0,1,1,1,0,1,1
139,S100YUWR,E30042,60910,6260001026756,株式会社ウエスコホールディングス,,010,170000,220,,,2026-08-07 09:34,自己株券買付状況報告書（法２４条の６第１項に基づくもの）,,,,,,,0,0,0,1,1,0,0,1,1
140,S100YU63,E03574,83680,5190001000892,株式会社　百五銀行,,010,170000,220,,,2026-08-07 09:34,自己株券買付状況報告書（法２４条の６第１項に基づくもの）,,,,,,,0,0,0,1,1,0,0,1,1
141,S100YUJA,E34265,,,リーガル・アンド・ジェネラル・インベストメント・マネジメント・リミテッド,,060,030002,350,,,2026-08-07 09:34,変更報告書（特例対象株券等）,E05303,,,,S100NKM3,,0,0,0,1,1,1,0,1,1
142,S100YUOE,E05835,,,ソシエテ・ジェネラル,,010,142001,090,,,2026-08-07 09:34,訂正発行登録書,,,,,S100UKGH,,0,0,0,0,1,1,0,0,1
143,S100YRZF,E06748,,2010001049257,大和アセットマネジメント株式会社,G13809,030,04A000,030,,,2026-08-07 09:35,有価証券届出書（内国投資信託受益証券）,,,,,,,0,0,0,1,1,1,0,1,1
144,S100YU2W,E03740,87830,9010401047481,ａｂｃ株式会社,,060,020002,350,,,2026-08-04 13:59,変更報告書（短期大量譲渡）,E02922,,,,,2026-08-07 09:36,0,1,0,1,1,0,0,1,1
145,S100YPIU,E11518,,9010001034450,三菱ＵＦＪアセットマネジメント株式会社,G04416,030,07A000,120,2025-11-11,2026-05-08,2026-08-07 09:37,有価証券報告書（内国投資信託受益証券）－第42期(2025/11/11－2026/05/08),,,,,,,0,0,0,1,1,1,0,1,1
146,S100YPIV,E11518,,9010001034450,三菱ＵＦＪアセットマネジメント株式会社,G04416,030,04A000,030,,,2026-08-07 09:38,有価証券届出書（内国投資信託受益証券）,,,,,,,0,0,0,1,1,1,0,1,1
147,S100YV4O,E02274,77510,6010801003186,キヤノン株式会社,,010,170000,220,,,2026-08-07 09:38,自己株券買付状況報告書（法２４条の６第１項に基づくもの）,,,,,,,0,0,0,1,1,0,0,1,1
148,S100YPPX,E11518,,9010001034450,三菱ＵＦＪアセットマネジメント株式会社,G13712,030,07A000,120,2025-11-11,2026-05-10,2026-08-07 09:38,有価証券報告書（内国投資信託受益証券）－第13期(2025/11/11－2026/05/10),,,,,,,0,0,0,1,1,1,0,1,1
149,S100YTZ6,E37678,,,Ｓｅａｃａｓｔｌｅ　Ｓｉｎｇａｐｏｒｅ　Ｐｔｅ．Ｌｔｄ,,060,020002,350,,,2026-08-04 10:35,変更報告書（短期大量譲渡）,E03740,,,,,2026-08-07 09:39,0,1,0,1,1,0,0,1,1
150,S100YPPY,E11518,,9010001034450,三菱ＵＦＪアセットマネジメント株式会社,G13712,030,04A001,040,,,2026-08-07 09:39,訂正有価証券届出書（内国投資信託受益証券）,,,,,S100XDOK,,0,0,0,1,1,1,0,1,1
151,S100YUO0,E02466,78460,9010001077045,株式会社パイロットコーポレーション,,010,043A00,160,2026-01-01,2026-12-31,2026-08-07 09:40,半期報告書－第25期(2026/01/01－2026/12/31),,,,,,,0,0,0,1,1,0,0,1,1
152,S100YTYG,E37678,,,Ｓｅａｃａｓｔｌｅ　Ｓｉｎｇａｐｏｒｅ　Ｐｔｅ．Ｌｔｄ,,060,020002,350,,,2026-08-04 10:09,変更報告書（短期大量譲渡）,E02922,,,,,2026-08-07 09:40,0,1,0,1,1,0,0,1,1
153,S100YPJ1,E11518,,9010001034450,三菱ＵＦＪアセットマネジメント株式会社,G15215,030,07A000,120,2025-11-11,2026-05-10,2026-08-07 09:40,有価証券報告書（内国投資信託受益証券）－第5期(2025/11/11－2026/05/10),,,,,,,0,0,0,1,1,1,0,1,1
154,S100YULU,E00770,40450,5010401020186,東亞合成株式会社,,010,170000,220,,,2026-08-07 09:41,自己株券買付状況報告書（法２４条の６第１項に基づくもの）,,,,,,,0,0,0,1,1,0,0,1,1
155,S100YUOB,E02466,78460,9010001077045,株式会社パイロットコーポレーション,,010,042000,135,,,2026-08-07 09:41,確認書,,,,,,,0,0,0,0,1,0,0,0,1
156,S100YR7Q,E11518,,9010001034450,三菱ＵＦＪアセットマネジメント株式会社,G15215,030,04A001,040,,,2026-08-07 09:41,訂正有価証券届出書（内国投資信託受益証券）,,,,,S100XDOR,,0,0,0,1,1,1,0,1,1
157,S100YUJW,E01955,69650,2080401004193,浜松ホトニクス株式会社,,010,170000,220,,,2026-08-07 09:43,自己株券買付状況報告書（法２４条の６第１項に基づくもの）,,,,,,,0,0,0,1,1,0,0,1,1
158,S100YUH9,E00762,40250,5140001043137,多木化学株式会社,,010,043A00,160,2026-01-01,2026-12-31,2026-08-07 09:43,半期報告書－第108期(2026/01/01－2026/12/31),,,,,,,0,0,0,1,1,0,0,1,1
159,S100YUHZ,E00762,40250,5140001043137,多木化学株式会社,,010,042000,135,,,2026-08-07 09:44,確認書,,,,,,,0,0,0,0,1,0,0,0,1
160,S100YUD2,E01225,54010,3010001008848,日本製鉄株式会社,,060,010002,350,,,2026-08-07 09:46,変更報告書,E04239,,,,,,0,0,0,1,1,0,0,1,1
161,S100YRCF,E27659,,8011301018755,エバーコア株式会社,,060,010002,350,,,2026-08-07 09:50,変更報告書,E22049,,,,S100XOJK,,0,0,0,1,1,1,0,1,1
162,S100YV4Q,E00529,31070,7120001077473,ダイワボウホールディングス株式会社,,010,170000,220,,,2026-08-07 09:53,自己株券買付状況報告書（法２４条の６第１項に基づくもの）,,,,,,,0,0,0,1,1,0,0,1,1
163,S100YUW9,E39268,130A0,4011001113744,株式会社Ｖｅｒｉｔａｓ　Ｉｎ　Ｓｉｌｉｃｏ,,010,043A00,160,2026-01-01,2026-12-31,2026-08-07 09:53,半期報告書－第11期(2026/01/01－2026/12/31),,,,,,,0,0,0,1,1,0,0,1,1
164,S100YV2Y,E02203,72780,1120001147463,株式会社エクセディ,,010,170000,220,,,2026-08-07 09:53,自己株券買付状況報告書（法２４条の６第１項に基づくもの）,,,,,,,0,0,0,1,1,0,0,1,1
165,S100YUMV,E42107,,,ＮＥＸＣＯＲＥ株式会社,,060,010000,350,,,2026-08-07 09:54,大量保有報告書,E22049,,,,,,0,0,0,1,1,1,0,1,1
166,S100YV4F,E00947,45340,9011101021173,持田製薬株式会社,,010,170000,220,,,2026-08-07 09:56,自己株券買付状況報告書（法２４条の６第１項に基づくもの）,,,,,,,0,0,0,1,1,0,0,1,1
167,S100YV4W,E01662,63510,9120001002215,株式会社鶴見製作所,,010,170000,220,,,2026-08-07 09:56,自己株券買付状況報告書（法２４条の６第１項に基づくもの）,,,,,,,0,0,0,1,1,0,0,1,1
168,S100YTMB,E04235,91010,7010001023785,日本郵船株式会社,,060,010002,350,,,2026-08-07 09:57,変更報告書,E04239,,,,,,0,0,0,1,1,1,0,1,1
169,S100YSG6,E04235,91010,7010001023785,日本郵船株式会社,,060,010002,350,,,2026-08-07 09:58,変更報告書,E04239,,,,,,0,0,0,1,1,1,0,1,1
170,S100YV58,E05025,46840,8010001039574,株式会社オービック,,010,170000,220,,,2026-08-07 10:00,自己株券買付状況報告書（法２４条の６第１項に基づくもの）,,,,,,,0,0,0,1,1,0,0,1,1
171,S100YUOC,E02679,80400,8010401020803,株式会社東京ソワール,,010,043A00,160,2026-01-01,2026-12-31,2026-08-07 10:00,半期報告書－第58期(2026/01/01－2026/12/31),,,,,,,0,0,0,1,1,0,0,1,1
172,S100YUV8,E05640,38170,2013301022429,株式会社ＳＲＡホールディングス,,010,170000,220,,,2026-08-07 10:00,自己株券買付状況報告書（法２４条の６第１項に基づくもの）,,,,,,,0,0,0,1,1,0,0,1,1
173,S100YUYM,E33305,35660,2210001004332,ユニフォームネクスト株式会社,,010,043A00,160,2026-01-01,2026-12-31,2026-08-07 10:00,半期報告書－第33期(2026/01/01－2026/12/31),,,,,,,0,0,0,1,1,0,0,1,1
174,S100YV0O,E04954,46410,5020001090389,株式会社アルプス技研,,010,042000,135,,,2026-08-07 10:00,確認書,,,,,,,0,0,0,0,1,0,0,0,1
175,S100YUYP,E33305,35660,2210001004332,ユニフォームネクスト株式会社,,010,042000,135,,,2026-08-07 10:01,確認書,,,,,,,0,0,0,0,1,0,0,0,1
176,S100YUMB,E00770,40450,5010401020186,東亞合成株式会社,,010,043A00,160,2026-01-01,2026-12-31,2026-08-07 10:01,半期報告書－第114期(2026/01/01－2026/12/31),,,,,,,0,0,0,1,1,0,0,1,1
177,S100YUOV,E02679,80400,8010401020803,株式会社東京ソワール,,010,042000,135,,,2026-08-07 10:01,確認書,,,,,,,0,0,0,0,1,0,0,0,1
178,S100YV5I,E00751,40040,9010401014548,株式会社レゾナック・ホールディングス,,010,043A00,160,2026-01-01,2026-12-31,2026-08-07 10:01,半期報告書－第118期(2026/01/01－2026/12/31),,,,,,,0,0,0,1,1,0,0,1,1
179,S100YV0A,E04954,46410,5020001090389,株式会社アルプス技研,,010,043A00,160,2026-01-01,2026-12-31,2026-08-07 10:01,半期報告書－第46期(2026/01/01－2026/12/31),,,,,,,0,0,0,1,1,0,0,1,1
180,S100YTUF,E02534,80180,6140001007875,三共生興株式会社,,010,170000,220,,,2026-08-07 10:02,自己株券買付状況報告書（法２４条の６第１項に基づくもの）,,,,,,,0,0,0,1,1,0,0,1,1
181,S100YUL6,E00024,57060,7010701011370,三井金属株式会社,,060,020002,350,,,2026-08-07 10:02,変更報告書（短期大量譲渡）,E00260,,,,,,0,0,0,1,1,0,0,1,1
182,S100YV5M,E00751,40040,9010401014548,株式会社レゾナック・ホールディングス,,010,042000,135,,,2026-08-07 10:02,確認書,,,,,,,0,0,0,0,1,0,0,0,1
183,S100YURV,E00436,28020,8010001034740,味の素株式会社,,010,170000,220,,,2026-08-07 10:03,自己株券買付状況報告書（法２４条の６第１項に基づくもの）,,,,,,,0,0,0,1,1,0,0,1,1
184,S100YUXD,E00024,57060,7010701011370,三井金属株式会社,,060,020002,350,,,2026-08-07 10:03,変更報告書（短期大量譲渡）,E00260,,,,,,0,0,0,1,1,0,0,1,1
185,S100YUUM,E02510,80320,1010001034978,日本紙パルプ商事株式会社,,010,170000,220,,,2026-08-07 10:04,自己株券買付状況報告書（法２４条の６第１項に基づくもの）,,,,,,,0,0,0,1,1,0,0,1,1
186,S100YUMC,E00770,40450,5010401020186,東亞合成株式会社,,010,042000,135,,,2026-08-07 10:04,確認書,,,,,,,0,0,0,0,1,0,0,0,1
187,S100YV1I,E01086,51080,3010001034943,株式会社ブリヂストン,,010,170000,220,,,2026-08-07 10:08,自己株券買付状況報告書（法２４条の６第１項に基づくもの）,,,,,,,0,0,0,1,1,0,0,1,1
188,S100YTWM,E32794,39790,6010001096659,株式会社うるる,,010,170000,220,,,2026-08-07 10:10,自己株券買付状況報告書（法２４条の６第１項に基づくもの）,,,,,,,0,0,0,1,1,0,0,1,1
189,S100YV31,E02307,68590,7120001059661,エスペック株式会社,,010,170000,220,,,2026-08-07 10:13,自己株券買付状況報告書（法２４条の６第１項に基づくもの）,,,,,,,0,0,0,1,1,0,0,1,1
190,S100YUCH,E05875,,,ゴールドマン・サックス・インターナショナル,,060,030000,350,,,2026-08-07 10:14,大量保有報告書（特例対象株券等）,E00760,,,,,,0,0,0,1,1,1,0,1,1
191,S100YV3S,E00322,17210,3010701014889,コムシスホールディングス株式会社,,010,170000,220,,,2026-08-07 10:15,自己株券買付状況報告書（法２４条の６第１項に基づくもの）,,,,,,,0,0,0,1,1,0,0,1,1
192,S100YUZ6,E01533,63020,9010701005032,住友重機械工業株式会社,,010,170000,220,,,2026-08-07 10:15,自己株券買付状況報告書（法２４条の６第１項に基づくもの）,,,,,,,0,0,0,1,1,0,0,1,1
193,S100YUA5,E04296,93130,2010601006194,丸八倉庫株式会社,,010,170000,220,,,2026-08-07 10:16,自己株券買付状況報告書（法２４条の６第１項に基づくもの）,,,,,,,0,0,0,1,1,0,0,1,1
194,S100YV65,E05062,43070,4010001054032,株式会社野村総合研究所,,010,170000,220,,,2026-08-07 10:18,自己株券買付状況報告書（法２４条の６第１項に基づくもの）,,,,,,,0,0,0,1,1,0,0,1,1
195,S100YUZ4,E01533,63020,9010701005032,住友重機械工業株式会社,,010,043A00,160,2026-01-01,2026-12-31,2026-08-07 10:18,半期報告書－第131期(2026/01/01－2026/12/31),,,,,,,0,0,0,1,1,0,0,1,1
196,S100YV67,E02410,64130,9010401031452,理想科学工業株式会社,,010,170000,220,,,2026-08-07 10:19,自己株券買付状況報告書（法２４条の６第１項に基づくもの）,,,,,,,0,0,0,1,1,0,0,1,1
197,S100YUZ5,E01533,63020,9010701005032,住友重機械工業株式会社,,010,042000,135,,,2026-08-07 10:19,確認書,,,,,,,0,0,0,0,1,0,0,0,1
198,S100YUA4,E06267,,,キャピタル・リサーチ・アンド・マネージメント・カンパニー,,060,030002,350,,,2026-08-07 10:20,変更報告書（特例対象株券等）,E03470,,,,S100XRRH,,0,0,0,1,1,1,0,1,1
199,S100YU6G,E03634,85510,8400001001882,株式会社　北日本銀行,,010,170000,220,,,2026-08-07 10:21,自己株券買付状況報告書（法２４条の６第１項に基づくもの）,,,,,,,0,0,0,1,1,0,0,1,1
200,S100YV3K,E03094,81670,1250001002242,株式会社リテールパートナーズ,,010,170000,220,,,2026-08-07 10:21,自己株券買付状況報告書（法２４条の６第１項に基づくもの）,,,,,,,0,0,0,1,1,0,0,1,1
201,S100YUPX,E03759,,7010001008687,みずほ証券株式会社,,060,030002,350,,,2026-08-07 10:22,変更報告書（特例対象株券等）,E40060,,,,S100YROX,,0,0,0,1,1,0,0,1,1
202,S100YUPW,E03759,,7010001008687,みずほ証券株式会社,,060,030002,350,,,2026-08-07 10:22,変更報告書（特例対象株券等）,E00222,,,,,,0,0,0,1,1,0,0,1,1
203,S100YUPZ,E03759,,7010001008687,みずほ証券株式会社,,060,030000,350,,,2026-08-07 10:22,大量保有報告書（特例対象株券等）,E02329,,,,,,0,0,0,1,1,1,0,1,1
204,S100YUPY,E03759,,7010001008687,みずほ証券株式会社,,060,030002,350,,,2026-08-07 10:22,変更報告書（特例対象株券等）,E01902,,,,S100YP16,,0,0,0,1,1,1,0,1,1
205,S100YUQ0,E03759,,7010001008687,みずほ証券株式会社,,060,030002,350,,,2026-08-07 10:22,変更報告書（特例対象株券等）,E03040,,,,S100U2US,,0,0,0,1,1,1,0,1,1
206,S100YUK2,E06485,,7010001054021,野村アセットマネジメント株式会社,,060,030000,350,,,2026-08-07 10:24,大量保有報告書（特例対象株券等）,E02350,,,,,,0,0,0,1,1,1,0,1,1
207,S100YURZ,E03549,83440,5390001002010,株式会社山形銀行,,010,170000,220,,,2026-08-07 10:25,自己株券買付状況報告書（法２４条の６第１項に基づくもの）,,,,,,,0,0,0,1,1,0,0,1,1
208,S100YV69,E01532,63010,1010401010455,株式会社小松製作所,,010,170000,220,,,2026-08-07 10:25,自己株券買付状況報告書（法２４条の６第１項に基づくもの）,,,,,,,0,0,0,1,1,0,0,1,1
209,S100YTU6,E00375,22120,4010001008806,山崎製パン株式会社,,010,043A00,160,2026-01-01,2026-12-31,2026-08-07 10:26,半期報告書－第79期(2026/01/01－2026/12/31),,,,,,,0,0,0,1,1,0,0,1,1
210,S100YTU7,E00375,22120,4010001008806,山崎製パン株式会社,,010,042000,135,,,2026-08-07 10:27,確認書,,,,,,,0,0,0,0,1,0,0,0,1
211,S100YUQ8,E10677,,9010001021473,アセットマネジメントＯｎｅ株式会社,,060,030002,350,,,2026-08-07 10:27,変更報告書（特例対象株券等）,E00056,,,,S100VPQU,,0,0,0,1,1,1,0,1,1
212,S100YUQ9,E10677,,9010001021473,アセットマネジメントＯｎｅ株式会社,,060,030002,350,,,2026-08-07 10:27,変更報告書（特例対象株券等）,E37466,,,,S100U5X8,,0,0,0,1,1,0,0,1,1
213,S100YUK5,E03810,,6010001074037,野村證券株式会社,,060,030002,350,,,2026-08-07 10:30,変更報告書（特例対象株券等）,E27159,,,,S100S58H,,0,0,0,1,1,1,0,1,1
214,S100YUK7,E03810,,6010001074037,野村證券株式会社,,060,030002,350,,,2026-08-07 10:31,変更報告書（特例対象株券等）,E25148,,,,S100YP39,,0,0,0,1,1,1,0,1,1
215,S100YTWG,E12481,,1010401025734,フィデリティ投信株式会社,,060,030002,350,,,2026-08-07 10:32,変更報告書（特例対象株券等）,E34083,,,,S100Y8LI,,0,0,0,1,1,0,0,1,1
216,S100YUK9,E03810,,6010001074037,野村證券株式会社,,060,030002,350,,,2026-08-07 10:33,変更報告書（特例対象株券等）,E01481,,,,S100YDPL,,0,0,0,1,1,1,0,1,1
217,S100YV6E,E05232,43180,9120001063067,株式会社クイック,,010,170000,220,,,2026-08-07 10:33,自己株券買付状況報告書（法２４条の６第１項に基づくもの）,,,,,,,0,0,0,1,1,0,0,1,1
218,S100YUKD,E03810,,6010001074037,野村證券株式会社,,060,030002,350,,,2026-08-07 10:34,変更報告書（特例対象株券等）,E01536,,,,S100UTY8,,0,0,0,1,1,1,0,1,1
219,S100YUKG,E03810,,6010001074037,野村證券株式会社,,060,030002,350,,,2026-08-07 10:35,変更報告書（特例対象株券等）,E01570,,,,S100Y5MY,,0,0,0,1,1,1,0,1,1
220,S100YUKH,E03810,,6010001074037,野村證券株式会社,,060,030002,350,,,2026-08-07 10:36,変更報告書（特例対象株券等）,E01600,,,,S100XZQO,,0,0,0,1,1,1,0,1,1
221,S100YTVD,E41686,,,Ｆｉｄｅｌｉｔｙ　Ｍａｎａｇｅｍｅｎｔ　＆　Ｒｅｓｅａｒｃｈ　Ｃｏｍｐａｎｙ　ＬＬＣ,,060,030002,350,,,2026-08-07 10:36,変更報告書（特例対象株券等）,E02706,,,,S100Y8RU,,0,0,0,1,1,1,0,1,1
222,S100YV1G,E00987,45720,8140001022724,カルナバイオサイエンス株式会社,,010,043A00,160,2026-01-01,2026-12-31,2026-08-07 10:37,半期報告書－第24期(2026/01/01－2026/12/31),,,,,,,0,0,0,1,1,0,0,1,1
223,S100YUKL,E03810,,6010001074037,野村證券株式会社,,060,030002,350,,,2026-08-07 10:38,変更報告書（特例対象株券等）,E37978,,,,S100T3C6,,0,0,0,1,1,1,0,1,1
224,S100YV1K,E00987,45720,8140001022724,カルナバイオサイエンス株式会社,,010,042000,135,,,2026-08-07 10:39,確認書,,,,,,,0,0,0,0,1,0,0,0,1
225,S100YUKM,E03810,,6010001074037,野村證券株式会社,,060,030002,350,,,2026-08-07 10:39,変更報告書（特例対象株券等）,E01753,,,,S100XLUC,,0,0,0,1,1,1,0,1,1
226,S100YTVI,E41686,,,Ｆｉｄｅｌｉｔｙ　Ｍａｎａｇｅｍｅｎｔ　＆　Ｒｅｓｅａｒｃｈ　Ｃｏｍｐａｎｙ　ＬＬＣ,,060,030002,350,,,2026-08-07 10:39,変更報告書（特例対象株券等）,E05267,,,,S100Y8K8,,0,0,0,1,1,1,0,1,1
227,S100YUVC,E42078,,3140001009750,内海曳船株式会社,,060,010000,350,,,2026-08-07 10:40,大量保有報告書,E04239,,,,,,0,0,0,1,1,1,0,1,1
228,S100YUSE,E04500,95090,4430001022351,北海道電力株式会社,,010,110000,080,,,2026-08-07 10:41,発行登録書（株券､社債券等）,,,,,,,0,0,0,1,1,1,0,1,1
229,S100YTVM,E41686,,,Ｆｉｄｅｌｉｔｙ　Ｍａｎａｇｅｍｅｎｔ　＆　Ｒｅｓｅａｒｃｈ　Ｃｏｍｐａｎｙ　ＬＬＣ,,060,030002,350,,,2026-08-07 10:42,変更報告書（特例対象株券等）,E05376,,,,S100YB6O,,0,0,0,1,1,1,0,1,1
230,S100YUB1,E01766,67020,1020001071491,富士通株式会社,,010,110000,080,,,2026-08-07 10:43,発行登録書（株券､社債券等）,,,,,,,0,0,0,1,1,1,0,1,1
231,S100YV6I,E05698,21460,6010701020975,ＵＴグループ株式会社,,010,170000,220,,,2026-08-07 10:44,自己株券買付状況報告書（法２４条の６第１項に基づくもの）,,,,,,,0,0,0,1,1,0,0,1,1
232,S100YUPJ,E03532,,6010001008845,株式会社みずほ銀行,,060,030002,350,,,2026-08-07 10:44,変更報告書（特例対象株券等）,E00036,,,,,,0,0,0,1,1,1,0,1,1
233,S100YUPN,E03532,,6010001008845,株式会社みずほ銀行,,060,030002,350,,,2026-08-07 10:44,変更報告書（特例対象株券等）,E01600,,,,,,0,0,0,1,1,1,0,1,1
234,S100YUPP,E03532,,6010001008845,株式会社みずほ銀行,,060,030002,350,,,2026-08-07 10:44,変更報告書（特例対象株券等）,E01118,,,,S100X8HP,,0,0,0,1,1,1,0,1,1
235,S100YUPM,E03532,,6010001008845,株式会社みずほ銀行,,060,030002,350,,,2026-08-07 10:44,変更報告書（特例対象株券等）,E26707,,,,,,0,0,0,1,1,1,0,1,1
236,S100YUPK,E03532,,6010001008845,株式会社みずほ銀行,,060,030002,350,,,2026-08-07 10:44,変更報告書（特例対象株券等）,E00406,,,,,,0,0,0,1,1,1,0,1,1
237,S100YUPO,E03532,,6010001008845,株式会社みずほ銀行,,060,030002,350,,,2026-08-07 10:44,変更報告書（特例対象株券等）,E01782,,,,,,0,0,0,1,1,1,0,1,1
238,S100YUPQ,E03532,,6010001008845,株式会社みずほ銀行,,060,030002,350,,,2026-08-07 10:44,変更報告書（特例対象株券等）,E02688,,,,S100X5U5,,0,0,0,1,1,1,0,1,1
239,S100YUPL,E03532,,6010001008845,株式会社みずほ銀行,,060,030002,350,,,2026-08-07 10:44,変更報告書（特例対象株券等）,E00935,,,,,,0,0,0,1,1,1,0,1,1
240,S100YUPR,E03532,,6010001008845,株式会社みずほ銀行,,060,030002,350,,,2026-08-07 10:44,変更報告書（特例対象株券等）,E03756,,,,,,0,0,0,1,1,1,0,1,1
241,S100YUPS,E03532,,6010001008845,株式会社みずほ銀行,,060,030002,350,,,2026-08-07 10:44,変更報告書（特例対象株券等）,E04510,,,,,,0,0,0,1,1,1,0,1,1
242,S100YURY,E01678,64810,3010701006176,ＴＨＫ株式会社,,010,043A00,160,2026-01-01,2026-12-31,2026-08-07 10:45,半期報告書－第57期(2026/01/01－2026/12/31),,,,,,,0,0,0,1,1,0,0,1,1
243,S100YURS,E01678,64810,3010701006176,ＴＨＫ株式会社,,010,042000,135,,,2026-08-07 10:45,確認書,,,,,,,0,0,0,0,1,0,0,0,1
244,S100YTWH,E41686,,,Ｆｉｄｅｌｉｔｙ　Ｍａｎａｇｅｍｅｎｔ　＆　Ｒｅｓｅａｒｃｈ　Ｃｏｍｐａｎｙ　ＬＬＣ,,060,030002,350,,,2026-08-07 10:46,変更報告書（特例対象株券等）,E31386,,,,S100Y8JJ,,0,0,0,1,1,1,0,1,1
245,S100YV6S,E38768,,,小林　光夫,,060,020002,350,,,2026-08-07 10:46,変更報告書（短期大量譲渡）,E00952,,,,S100RC66,,0,0,0,1,1,0,0,1,1
246,S100YV50,E00315,17180,8140001061763,美樹工業株式会社,,010,043A00,160,2026-01-01,2026-12-31,2026-08-07 10:47,半期報告書－第65期(2026/01/01－2026/12/31),,,,,,,0,0,0,1,1,0,0,1,1
247,S100YV6J,E37419,77930,4030001059302,株式会社イメージ・マジック,,010,170000,220,,,2026-08-07 10:47,自己株券買付状況報告書（法２４条の６第１項に基づくもの）,,,,,,,0,0,0,1,1,0,0,1,1
248,S100YV6D,E37678,,,Ｓｅａｃａｓｔｌｅ　Ｓｉｎｇａｐｏｒｅ　Ｐｔｅ．Ｌｔｄ,,060,090001,360,,,2026-08-07 10:47,訂正報告書（大量保有報告書・変更報告書）,E02922,,,,S100YTYG,,0,0,0,1,1,0,0,1,1
249,S100YUT7,E04516,95430,4080001002686,静岡ガス株式会社,,010,043A00,160,2026-01-01,2026-12-31,2026-08-07 10:47,半期報告書－第179期(2026/01/01－2026/12/31),,,,,,,0,0,0,1,1,0,0,1,1
250,S100YV6O,E01663,63640,4110001016088,株式会社ＡＩＲＭＡＮ,,010,170000,220,,,2026-08-07 10:48,自己株券買付状況報告書（法２４条の６第１項に基づくもの）,,,,,,,0,0,0,1,1,0,0,1,1
251,S100YV6R,E00315,17180,8140001061763,美樹工業株式会社,,010,042000,135,,,2026-08-07 10:48,確認書,,,,,,,0,0,0,0,1,0,0,0,1
252,S100YUTD,E04516,95430,4080001002686,静岡ガス株式会社,,010,042000,135,,,2026-08-07 10:48,確認書,,,,,,,0,0,0,0,1,0,0,0,1
253,S100YUR8,E34245,,,Ｏｌｄ　Ｐｅａｋ　Ｇｒｏｕｐ　Ｌｔｄ．,,060,010002,350,,,2026-08-07 10:49,変更報告書,E05156,,,,,,0,0,0,1,1,1,0,1,1
254,S100YUA9,E04237,91070,8140001005720,川崎汽船株式会社,,010,170000,220,,,2026-08-07 10:50,自己株券買付状況報告書（法２４条の６第１項に基づくもの）,,,,,,,0,0,0,1,1,0,0,1,1
255,S100YTQN,E26571,,8010001135547,ジャパン・インダストリアル・ソリューションズ株式会社,,060,010002,350,,,2026-08-06 10:20,変更報告書,E01005,,,,,2026-08-07 10:51,0,1,0,1,1,0,0,1,1
256,S100YV70,E42086,,,保坂　晴彦,,060,010000,350,,,2026-08-07 10:53,大量保有報告書,E00952,,,,,,0,0,0,1,1,0,0,1,1
257,S100YV6C,E00881,44040,2011801004789,ミヨシ油脂株式会社,,010,043A00,160,2026-01-01,2026-12-31,2026-08-07 10:56,半期報告書－第101期(2026/01/01－2026/12/31),,,,,,,0,0,0,1,1,0,0,1,1
258,S100YUQG,E04988,46740,7010401008700,株式会社クレスコ,,010,170000,220,,,2026-08-07 10:56,自己株券買付状況報告書（法２４条の６第１項に基づくもの）,,,,,,,0,0,0,1,1,0,0,1,1
259,S100YV2R,E00883,44520,4010001034760,花王株式会社,,010,043A00,160,2026-01-01,2026-12-31,2026-08-07 10:56,半期報告書－第121期(2026/01/01－2026/12/31),,,,,,,0,0,0,1,1,0,0,1,1
260,S100YV6X,E00881,44040,2011801004789,ミヨシ油脂株式会社,,010,042000,135,,,2026-08-07 10:57,確認書,,,,,,,0,0,0,0,1,0,0,0,1
261,S100YUTK,E34406,,4011101010726,住友三井オートサービス株式会社,,010,120003,100,,,2026-08-07 10:58,発行登録追補書類（株券､社債券等）,,,,,S100WQVP,,0,0,0,1,1,1,0,1,1
262,S100YTJP,E04775,85850,9010001070784,株式会社オリエントコーポレーション,,010,120003,100,,,2026-08-07 10:59,発行登録追補書類（株券､社債券等）,,,,,S100XJRK,,0,0,0,1,1,1,0,1,1
263,S100YV78,E01092,51950,5140001013916,バンドー化学株式会社,,010,170000,220,,,2026-08-07 11:00,自己株券買付状況報告書（法２４条の６第１項に基づくもの）,,,,,,,0,0,0,1,1,0,0,1,1
264,S100YV2S,E00883,44520,4010001034760,花王株式会社,,010,042000,135,,,2026-08-07 11:00,確認書,,,,,,,0,0,0,0,1,0,0,0,1
265,S100YV77,E39268,130A0,4011001113744,株式会社Ｖｅｒｉｔａｓ　Ｉｎ　Ｓｉｌｉｃｏ,,010,042000,135,,,2026-08-07 11:00,確認書,,,,,,,0,0,0,0,1,0,0,0,1
266,S100YUSS,E02727,98850,6140001008568,株式会社　シャルレ,,010,170000,220,,,2026-08-07 11:02,自己株券買付状況報告書（法２４条の６第１項に基づくもの）,,,,,,,0,0,0,1,1,0,0,1,1
267,S100YUBJ,E33509,,,貞松　成,,060,010002,350,,,2026-08-05 13:40,変更報告書,E33557,,,,,2026-08-07 11:03,0,1,0,1,1,1,0,1,1
268,S100YTG8,E34224,,,フィリピン共和国,,020,060000,080,,,2026-08-07 11:03,発行登録書,,,,,,,0,0,0,0,1,1,0,0,1
269,S100YV6W,E37678,,,Ｓｅａｃａｓｔｌｅ　Ｓｉｎｇａｐｏｒｅ　Ｐｔｅ．Ｌｔｄ,,060,090001,360,,,2026-08-07 11:04,訂正報告書（大量保有報告書・変更報告書）,E03740,,,,S100YTZ6,,0,0,0,1,1,0,0,1,1
270,S100YV7H,E25850,36590,6010001081280,株式会社ネクソン,,010,170000,220,,,2026-08-07 11:04,自己株券買付状況報告書（法２４条の６第１項に基づくもの）,,,,,,,0,0,0,1,1,0,0,1,1
271,S100YV7F,E02365,79920,9010601024727,セーラー万年筆株式会社,,010,043A00,160,2026-01-01,2026-12-31,2026-08-07 11:07,半期報告書－第114期(2026/01/01－2026/12/31),,,,,,,0,0,0,1,1,0,0,1,1
272,S100YV7L,E02365,79920,9010601024727,セーラー万年筆株式会社,,010,042000,135,,,2026-08-07 11:08,確認書,,,,,,,0,0,0,0,1,0,0,0,1
273,S100YV7P,E41686,,,Ｆｉｄｅｌｉｔｙ　Ｍａｎａｇｅｍｅｎｔ　＆　Ｒｅｓｅａｒｃｈ　Ｃｏｍｐａｎｙ　ＬＬＣ,,060,030002,350,,,2026-08-07 11:08,変更報告書（特例対象株券等）,E33957,,,,S100Y99I,,0,0,0,1,1,1,0,1,1
274,S100YV7O,E04904,96190,9120001053828,株式会社イチネンホールディングス,,010,053000,180,,,2026-08-07 11:11,臨時報告書,,,,第19条第2項第19号,,,0,0,0,1,1,0,0,1,1
275,S100YV7N,E01090,51050,7120001049019,ＴＯＹＯ　ＴＩＲＥ株式会社,,010,043A00,160,2026-01-01,2026-12-31,2026-08-07 11:11,半期報告書－第111期(2026/01/01－2026/12/31),,,,,,,0,0,0,1,1,0,0,1,1
276,S100YV7R,E04904,96190,9120001053828,株式会社イチネンホールディングス,,010,113001,090,,,2026-08-07 11:12,訂正発行登録書,,,,,S100YMNP,,0,0,0,0,1,0,0,0,1
277,S100YV4H,E35360,,3010001208844,中央日本土地建物グループ株式会社,,010,120003,100,,,2026-08-07 11:13,発行登録追補書類（株券､社債券等）,,,,,S100WDS0,,0,0,0,1,1,1,0,1,1
278,S100YV7Y,E01090,51050,7120001049019,ＴＯＹＯ　ＴＩＲＥ株式会社,,010,042000,135,,,2026-08-07 11:14,確認書,,,,,,,0,0,0,0,1,0,0,0,1
279,S100YV7U,E00562,35690,9210001001785,セーレン株式会社,,010,170000,220,,,2026-08-07 11:15,自己株券買付状況報告書（法２４条の６第１項に基づくもの）,,,,,,,0,0,0,1,1,0,0,1,1
280,S100YV7S,E00890,44650,9120001056079,株式会社ニイタカ,,010,170000,220,,,2026-08-07 11:16,自己株券買付状況報告書（法２４条の６第１項に基づくもの）,,,,,,,0,0,0,1,1,0,0,1,1
281,S100YV81,E00952,45260,3010001008815,理研ビタミン株式会社,,010,170000,220,,,2026-08-07 11:17,自己株券買付状況報告書（法２４条の６第１項に基づくもの）,,,,,,,0,0,0,1,1,0,0,1,1
282,S100YV75,E01879,68450,9010001096367,アズビル株式会社,,010,170000,220,,,2026-08-07 11:20,自己株券買付状況報告書（法２４条の６第１項に基づくもの）,,,,,,,0,0,0,1,1,0,0,1,1
283,S100YUNV,E05088,47720,6010401036776,株式会社ＳＭ　ＥＮＴＥＲＴＡＩＮＭＥＮＴ　ＪＡＰＡＮ,,010,043A00,160,2026-01-01,2026-12-31,2026-08-07 11:24,半期報告書－第56期(2026/01/01－2026/12/31),,,,,,,0,0,0,1,1,0,0,1,1
284,S100YUO8,E05088,47720,6010401036776,株式会社ＳＭ　ＥＮＴＥＲＴＡＩＮＭＥＮＴ　ＪＡＰＡＮ,,010,042000,135,,,2026-08-07 11:25,確認書,,,,,,,0,0,0,0,1,0,0,0,1
285,S100YV85,E27622,25870,8010401080079,サントリービバレッジ＆フード株式会社,,010,043A00,160,2026-01-01,2026-12-31,2026-08-07 11:26,半期報告書－第18期(2026/01/01－2026/12/31),,,,,,,0,0,0,1,1,0,0,1,1
286,S100YV88,E27622,25870,8010401080079,サントリービバレッジ＆フード株式会社,,010,042000,135,,,2026-08-07 11:27,確認書,,,,,,,0,0,0,0,1,0,0,0,1
287,S100YUZV,E00012,13010,1010401033225,株式会社　極洋,,010,053000,180,,,2026-08-07 11:27,臨時報告書,,,,第19条第2項第2号の2,,,0,0,0,1,1,0,0,1,1
288,S100YV63,E36946,43750,7010701030065,セーフィー株式会社,,010,043A00,160,2026-01-01,2026-12-31,2026-08-07 11:30,半期報告書－第13期(2026/01/01－2026/12/31),,,,,,,0,0,0,1,1,0,0,1,1
289,S100YV68,E36946,43750,7010701030065,セーフィー株式会社,,010,042000,135,,,2026-08-07 11:30,確認書,,,,,,,0,0,0,0,1,0,0,0,1
290,S100YUNL,E02877,72280,3080401017525,株式会社デイトナ,,010,042000,135,,,2026-08-07 11:31,確認書,,,,,,,0,0,0,0,1,0,0,0,1
291,S100YUNA,E02877,72280,3080401017525,株式会社デイトナ,,010,043A00,160,2026-01-01,2026-12-31,2026-08-07 11:32,半期報告書－第55期(2026/01/01－2026/12/31),,,,,,,0,0,0,1,1,0,0,1,1
292,S100YV8B,E01914,69810,4130001030475,株式会社村田製作所,,010,170000,220,,,2026-08-07 11:33,自己株券買付状況報告書（法２４条の６第１項に基づくもの）,,,,,,,0,0,0,1,1,0,0,1,1
293,S100YUHT,E11943,,,Ｅｖｏ　Ｆｕｎｄ,,060,010002,350,,,2026-08-07 11:34,変更報告書,E34065,,,,S100TMQD,,0,0,0,1,1,1,0,1,1
294,S100YUYE,E02382,79900,5012701003630,グローブライド株式会社,,010,170000,220,,,2026-08-07 11:35,自己株券買付状況報告書（法２４条の６第１項に基づくもの）,,,,,,,0,0,0,1,1,0,0,1,1
295,S100YUYL,E30919,36960,1010401073460,株式会社セレス,,010,170000,220,,,2026-08-07 11:36,自己株券買付状況報告書（法２４条の６第１項に基づくもの）,,,,,,,0,0,0,1,1,0,0,1,1
296,S100YUR7,E06477,,5010001030858,ＢｏｆＡ証券株式会社,,060,030000,350,,,2026-08-07 11:38,大量保有報告書（特例対象株券等）,E27585,,,,,,0,0,0,1,1,1,0,1,1
297,S100YTRE,E31331,39120,9010001145867,株式会社モバイルファクトリー,,010,043A00,160,2026-01-01,2026-06-30,2026-08-07 11:38,半期報告書－第26期(2026/01/01－2026/06/30),,,,,,,0,0,0,1,1,0,0,1,1
298,S100YUPA,E01834,79440,6080401010213,ローランド株式会社,,010,043A00,160,2026-01-01,2026-12-31,2026-08-07 11:40,半期報告書－第55期(2026/01/01－2026/12/31),,,,,,,0,0,0,1,1,0,0,1,1
299,S100YV1A,E04499,95030,3120001059632,関西電力株式会社,,010,120003,100,,,2026-08-07 11:40,発行登録追補書類（株券､社債券等）,,,,,S100YS4T,,0,0,0,1,1,1,0,1,1
300,S100YUQ2,E01834,79440,6080401010213,ローランド株式会社,,010,042000,135,,,2026-08-07 11:40,確認書,,,,,,,0,0,0,0,1,0,0,0,1
301,S100YV8G,E02221,72960,5080401010065,株式会社エフ・シー・シー,,010,170000,220,,,2026-08-07 11:42,自己株券買付状況報告書（法２４条の６第１項に基づくもの）,,,,,,,0,0,0,1,1,0,0,1,1
302,S100YTRL,E31331,39120,9010001145867,株式会社モバイルファクトリー,,010,042000,135,,,2026-08-07 11:42,確認書,,,,,,,0,0,0,0,1,0,0,0,1
303,S100YUBK,E01261,54230,8010001008819,東京製鐵株式会社,,010,170000,220,,,2026-08-07 11:45,自己株券買付状況報告書（法２４条の６第１項に基づくもの）,,,,,,,0,0,0,1,1,0,0,1,1
304,S100YUXW,E03061,82670,6040001003380,イオン株式会社,,010,120003,100,,,2026-08-07 11:48,発行登録追補書類（株券､社債券等）,,,,,S100WCRT,,0,0,0,1,1,1,0,1,1
305,S100YUXX,E03061,82670,6040001003380,イオン株式会社,,010,120003,100,,,2026-08-07 11:48,発行登録追補書類（株券､社債券等）,,,,,S100WCRT,,0,0,0,1,1,1,0,1,1
306,S100YV8E,E01459,78410,6110001015567,株式会社遠藤製作所,,010,043A00,160,2026-01-01,2026-12-31,2026-08-07 11:50,半期報告書－第77期(2026/01/01－2026/12/31),,,,,,,0,0,0,1,1,0,0,1,1
307,S100YV8F,E01459,78410,6110001015567,株式会社遠藤製作所,,010,042000,135,,,2026-08-07 11:50,確認書,,,,,,,0,0,0,0,1,0,0,0,1
308,S100YV96,E00462,28100,2122001005872,ハウス食品グループ本社株式会社,,010,170000,220,,,2026-08-07 11:52,自己株券買付状況報告書（法２４条の６第１項に基づくもの）,,,,,,,0,0,0,1,1,0,0,1,1
309,S100YV23,E36883,92450,1010901024558,株式会社リベロ,,010,043A00,160,2026-01-01,2026-12-31,2026-08-07 12:01,半期報告書－第18期(2026/01/01－2026/12/31),,,,,,,0,0,0,1,1,0,0,1,1
310,S100YV24,E36883,92450,1010901024558,株式会社リベロ,,010,042000,135,,,2026-08-07 12:01,確認書,,,,,,,0,0,0,0,1,0,0,0,1
311,S100YV9P,E30020,31890,4011001003243,株式会社ＡＮＡＰホールディングス,,010,053000,180,,,2026-08-07 12:11,臨時報告書,,,,第19条第2項第4号,,,0,0,0,1,1,0,0,1,1
312,S100YUMD,E03907,88300,8011101010739,住友不動産株式会社,,010,110000,080,,,2026-08-07 12:12,発行登録書（株券､社債券等）,,,,,,,0,0,0,1,1,1,0,1,1
313,S100YUQ3,E27586,,1120001077578,八木通商株式会社,,060,010002,350,,,2026-08-07 12:16,変更報告書,E00604,,,,,,0,0,0,1,1,0,0,1,1
314,S100YTCI,E05954,,,トヨタ　ファイナンス　オーストラリア　リミテッド,,010,142001,090,,,2026-08-07 12:36,訂正発行登録書,,,,,S100X7UO,,0,0,0,0,1,1,0,0,1
315,S100YUMF,E23615,,7010001125714,ＳＭＢＣ日興証券株式会社,,060,030000,350,,,2026-08-07 12:36,大量保有報告書（特例対象株券等）,E05205,,,,,,0,0,0,1,1,1,0,1,1
316,S100YUME,E23615,,7010001125714,ＳＭＢＣ日興証券株式会社,,060,030002,350,,,2026-08-07 12:36,変更報告書（特例対象株券等）,E02195,,,,,,0,0,0,1,1,1,0,1,1
317,S100YVA2,E01793,67700,3010801000723,アルプスアルパイン株式会社,,010,170000,220,,,2026-08-07 12:40,自己株券買付状況報告書（法２４条の６第１項に基づくもの）,,,,,,,0,0,0,1,1,0,0,1,1
318,S100YVA6,E38256,52480,3010901034654,株式会社テクノロジーズ,,010,053000,180,,,2026-08-07 12:43,臨時報告書,,,,第19条第2項第9号の4,,,0,0,0,1,1,0,0,1,1
319,S100YUQZ,E01725,62690,8010001007886,三井海洋開発株式会社,,010,043A00,160,2026-01-01,2026-12-31,2026-08-07 12:44,半期報告書－第41期(2026/01/01－2026/12/31),,,,,,,0,0,0,1,1,0,0,1,1
320,S100YUSQ,E01445,59410,3120001018349,株式会社　中西製作所,,010,053000,180,,,2026-08-07 12:45,臨時報告書,,,,第19条第2項第9号の2,,,0,0,0,1,1,0,0,1,1
321,S100YUR0,E01725,62690,8010001007886,三井海洋開発株式会社,,010,042000,135,,,2026-08-07 12:46,確認書,,,,,,,0,0,0,0,1,0,0,0,1
322,S100YVA9,E02069,67370,8220001009300,ＥＩＺＯ株式会社,,010,170000,220,,,2026-08-07 12:46,自己株券買付状況報告書（法２４条の６第１項に基づくもの）,,,,,,,0,0,0,1,1,0,0,1,1
323,S100YV9S,E01008,42120,9120001059651,積水樹脂株式会社,,010,170000,220,,,2026-08-07 12:47,自己株券買付状況報告書（法２４条の６第１項に基づくもの）,,,,,,,0,0,0,1,1,0,0,1,1
324,S100YUMI,E02934,27000,4010001040882,木徳神糧株式会社,,010,043A00,160,2026-01-01,2026-12-31,2026-08-07 12:49,半期報告書－第79期(2026/01/01－2026/12/31),,,,,,,0,0,0,1,1,0,0,1,1
325,S100YUYN,E02934,27000,4010001040882,木徳神糧株式会社,,010,042000,135,,,2026-08-07 12:50,確認書,,,,,,,0,0,0,0,1,0,0,0,1
326,S100YUXH,E00466,28040,6010001034924,ブルドックソース株式会社,,010,170000,220,,,2026-08-07 12:55,自己株券買付状況報告書（法２４条の６第１項に基づくもの）,,,,,,,0,0,0,1,1,0,0,1,1
327,S100YUXP,E00466,28040,6010001034924,ブルドックソース株式会社,,010,170000,220,,,2026-08-07 12:59,自己株券買付状況報告書（法２４条の６第１項に基づくもの）,,,,,,,0,0,0,1,1,0,0,1,1
328,S100YU8H,E00544,31050,6010001034882,日清紡ホールディングス株式会社,,010,043A00,160,2026-01-01,2026-12-31,2026-08-07 13:00,半期報告書－第184期(2026/01/01－2026/12/31),,,,,,,0,0,0,1,1,0,0,1,1
329,S100YV1M,E38168,29370,4100001004085,株式会社サンクゼール,,010,053000,180,,,2026-08-07 13:00,臨時報告書,,,,第19条第2項第4号,,,0,0,0,1,1,0,0,1,1
330,S100YVAD,E37488,65250,4010003024801,株式会社ＫＯＫＵＳＡＩ　ＥＬＥＣＴＲＩＣ,,010,170000,220,,,2026-08-07 13:00,自己株券買付状況報告書（法２４条の６第１項に基づくもの）,,,,,,,0,0,0,1,1,0,0,1,1
331,S100YU8I,E00544,31050,6010001034882,日清紡ホールディングス株式会社,,010,042000,135,,,2026-08-07 13:00,確認書,,,,,,,0,0,0,0,1,0,0,0,1
332,S100YUUJ,E03090,81630,4120101022786,ＳＲＳホールディングス株式会社,,010,053000,180,,,2026-08-07 13:00,臨時報告書,,,,第19条第2項第8号の2,,,0,0,0,1,1,0,0,1,1
333,S100YV8I,E00836,42720,3010001016850,日本化薬株式会社,,010,170000,220,,,2026-08-07 13:02,自己株券買付状況報告書（法２４条の６第１項に基づくもの）,,,,,,,0,0,0,1,1,0,0,1,1
334,S100YURA,E36700,73810,5220001024450,株式会社ＣＣＩグループ,,010,170000,220,,,2026-08-07 13:02,自己株券買付状況報告書（法２４条の６第１項に基づくもの）,,,,,,,0,0,0,1,1,0,0,1,1
335,S100YV7X,E00115,19500,6010501016240,日本電設工業株式会社,,010,170000,220,,,2026-08-07 13:03,自己株券買付状況報告書（法２４条の６第１項に基づくもの）,,,,,,,0,0,0,1,1,0,0,1,1
336,S100YUY2,E04224,23840,4010601013288,ＳＢＳホールディングス株式会社,,010,043A00,160,2026-01-01,2026-12-31,2026-08-07 13:04,半期報告書－第41期(2026/01/01－2026/12/31),,,,,,,0,0,0,1,1,0,0,1,1
337,S100YUY7,E04224,23840,4010601013288,ＳＢＳホールディングス株式会社,,010,042000,135,,,2026-08-07 13:05,確認書,,,,,,,0,0,0,0,1,0,0,0,1
338,S100YV2P,E01334,58030,2010601007861,株式会社フジクラ,,010,053000,180,,,2026-08-07 13:07,臨時報告書,,,,第19条第2項第2号の2,,,0,0,0,1,1,0,0,1,1
339,S100YUL8,E02257,73090,3120101003399,株式会社シマノ,,010,170000,220,,,2026-08-07 13:10,自己株券買付状況報告書（法２４条の６第１項に基づくもの）,,,,,,,0,0,0,1,1,0,0,1,1
340,S100YSC0,E39384,,2120901025775,マリンフード株式会社,,060,010002,350,,,2026-07-27 15:34,変更報告書,E02952,,,,,2026-08-07 13:12,0,1,0,1,1,0,0,1,1
341,S100YUUA,E05676,21620,7011101037766,ｎｍｓホールディングス株式会社,,010,053000,180,,,2026-08-07 13:14,臨時報告書,,,,第19条第2項第19号,,,0,0,0,1,1,0,0,1,1
342,S100YSUU,E04147,90200,9011001029597,東日本旅客鉄道株式会社,,060,010002,350,,,2026-08-07 13:14,変更報告書,E01742,,,,,,0,0,0,1,1,0,0,1,1
343,S100YUZE,E01502,61410,1150001006212,ＤＭＧ森精機株式会社,,010,043A00,160,2026-01-01,2026-12-31,2026-08-07 13:15,半期報告書－第79期(2026/01/01－2026/12/31),,,,,,,0,0,0,1,1,0,0,1,1
344,S100YUS9,E11943,,,Ｅｖｏ　Ｆｕｎｄ,,060,010002,350,,,2026-08-07 13:16,変更報告書,E03313,,,,S100XPIO,,0,0,0,1,1,1,0,1,1
345,S100YVAK,E02477,42380,4013301002222,ミライアル株式会社,,010,170000,220,,,2026-08-07 13:17,自己株券買付状況報告書（法２４条の６第１項に基づくもの）,,,,,,,0,0,0,1,1,0,0,1,1
346,S100YUZL,E01502,61410,1150001006212,ＤＭＧ森精機株式会社,,010,042000,135,,,2026-08-07 13:18,確認書,,,,,,,0,0,0,0,1,0,0,0,1
347,S100YSJL,E02931,,2120001077362,伊藤忠食品株式会社,,060,010000,350,,,2026-08-07 13:19,大量保有報告書,E41973,,,,,,0,0,0,1,1,0,0,1,1
348,S100YVAS,E00820,42040,1120001059650,積水化学工業株式会社,,010,170000,220,,,2026-08-07 13:21,自己株券買付状況報告書（法２４条の６第１項に基づくもの）,,,,,,,0,0,0,1,1,0,0,1,1
349,S100YURL,E06125,,3120005007273,日本生命保険相互会社,,060,030002,350,,,2026-08-07 13:21,変更報告書（特例対象株券等）,E01589,,,,S100SBWF,,0,0,0,1,1,1,0,1,1
350,S100YVB8,E35294,34490,3010501032975,株式会社テクノフレックス,,010,043A00,160,2026-01-01,2026-12-31,2026-08-07 13:27,半期報告書－第26期(2026/01/01－2026/12/31),,,,,,,0,0,0,1,1,0,0,1,1
351,S100YVB9,E37678,,,Ｓｅａｃａｓｔｌｅ　Ｓｉｎｇａｐｏｒｅ　Ｐｔｅ．Ｌｔｄ,,060,090001,360,,,2026-08-07 13:30,訂正報告書（大量保有報告書・変更報告書）,E03740,,,,S100YTZ6,,0,0,0,1,1,0,0,1,1
352,S100YUMN,E37725,58300,3500001024507,株式会社いよぎんホールディングス,,010,053000,180,,,2026-08-07 13:30,臨時報告書,,,,第19条第2項第2号の2,,,0,0,0,1,1,0,0,1,1
353,S100YVBA,E00086,18930,1010001000006,五洋建設株式会社,,010,170000,220,,,2026-08-07 13:30,自己株券買付状況報告書（法２４条の６第１項に基づくもの）,,,,,,,0,0,0,1,1,0,0,1,1
354,S100YVBJ,E35294,34490,3010501032975,株式会社テクノフレックス,,010,042000,135,,,2026-08-07 13:32,確認書,,,,,,,0,0,0,0,1,0,0,0,1
355,S100YV14,E00846,58160,6120001011879,オーナンバ株式会社,,010,043A00,160,2026-01-01,2026-12-31,2026-08-07 13:34,半期報告書－第96期(2026/01/01－2026/12/31),,,,,,,0,0,0,1,1,0,0,1,1
356,S100YV1N,E00846,58160,6120001011879,オーナンバ株式会社,,010,042000,135,,,2026-08-07 13:34,確認書,,,,,,,0,0,0,0,1,0,0,0,1
357,S100YVAQ,E01151,53930,9010401021486,ニチアス株式会社,,010,170000,220,,,2026-08-07 13:38,自己株券買付状況報告書（法２４条の６第１項に基づくもの）,,,,,,,0,0,0,1,1,0,0,1,1
358,S100YVAI,,,,,,,,,,,2026-08-07 13:40,,,,,,S100U6SH,,1,0,0,0,0,0,0,0,0
359,S100YVB0,E00146,19590,6290001001120,株式会社クラフティア,,010,110000,080,,,2026-08-07 13:42,発行登録書（株券､社債券等）,,,,,,,0,0,0,1,1,1,0,1,1
360,S100YVB1,E03810,,6010001074037,野村證券株式会社,,060,030002,350,,,2026-08-07 13:51,変更報告書（特例対象株券等）,E01221,,,,S100YG6J,,0,0,0,1,1,1,0,1,1
361,S100YVAM,E03810,,6010001074037,野村證券株式会社,,060,030002,350,,,2026-08-07 13:51,変更報告書（特例対象株券等）,E02271,,,,S100UZ52,,0,0,0,1,1,1,0,1,1
362,S100YVBE,E03810,,6010001074037,野村證券株式会社,,060,030002,350,,,2026-08-07 13:51,変更報告書（特例対象株券等）,E04090,,,,S100V2MJ,,0,0,0,1,1,1,0,1,1
363,S100YVAR,E03810,,6010001074037,野村證券株式会社,,060,030002,350,,,2026-08-07 13:51,変更報告書（特例対象株券等）,E02288,,,,,,0,0,0,1,1,1,0,1,1
364,S100YVB6,E03810,,6010001074037,野村證券株式会社,,060,030002,350,,,2026-08-07 13:51,変更報告書（特例対象株券等）,E03596,,,,S100XSJH,,0,0,0,1,1,1,0,1,1
365,S100YVBQ,E03810,,6010001074037,野村證券株式会社,,060,030002,350,,,2026-08-07 13:51,変更報告書（特例対象株券等）,E04272,,,,S100QFKS,,0,0,0,1,1,1,0,1,1
366,S100YVAA,E03810,,6010001074037,野村證券株式会社,,060,030002,350,,,2026-08-07 13:51,変更報告書（特例対象株券等）,E37194,,,,S100XSEN,,0,0,0,1,1,1,0,1,1
367,S100YVAH,E03810,,6010001074037,野村證券株式会社,,060,030002,350,,,2026-08-07 13:51,変更報告書（特例対象株券等）,E02289,,,,S100XVI6,,0,0,0,1,1,1,0,1,1
368,S100YVBM,E03810,,6010001074037,野村證券株式会社,,060,030002,350,,,2026-08-07 13:51,変更報告書（特例対象株券等）,E30443,,,,S100YP5X,,0,0,0,1,1,1,0,1,1
369,S100YUSL,E00464,28090,6011001006277,キユーピー株式会社,,010,170000,220,,,2026-08-07 13:51,自己株券買付状況報告書（法２４条の６第１項に基づくもの）,,,,,,,0,0,0,1,1,0,0,1,1
370,S100YV9G,E41576,,,Ｓｏｕｌ　Ｖｅｎｔｕｒｅｓ　Ｈｏｌｄｉｎｇｓ　Ｌｉｍｉｔｅｄ,,060,090001,360,,,2026-08-07 13:52,訂正報告書（大量保有報告書・変更報告書）,E03740,,,,S100YTJ8,,0,0,0,1,1,1,0,1,1
371,S100YVC3,E01355,59110,9010401030578,株式会社横河ブリッジホールディングス,,010,170000,220,,,2026-08-07 13:52,自己株券買付状況報告書（法２４条の６第１項に基づくもの）,,,,,,,0,0,0,1,1,0,0,1,1
372,S100YVBS,E31199,,5230001006919,株式会社フルタ,,060,090001,360,,,2026-08-07 13:56,訂正報告書（大量保有報告書・変更報告書）,E31012,,,,S100YUA2,,0,0,0,1,1,0,0,1,1
373,S100YUYQ,E30649,32990,8010001058665,株式会社ムゲンエステート,,010,043A00,160,2026-01-01,2026-12-31,2026-08-07 14:00,半期報告書－第37期(2026/01/01－2026/12/31),,,,,,,0,0,0,1,1,0,0,1,1
374,S100YUYW,E30649,32990,8010001058665,株式会社ムゲンエステート,,010,042000,135,,,2026-08-07 14:01,確認書,,,,,,,0,0,0,0,1,0,0,0,1
375,S100YULE,E02331,77160,1060001010545,株式会社ナカニシ,,010,043A00,160,2026-01-01,2026-12-31,2026-08-07 14:02,半期報告書－第75期(2026/01/01－2026/12/31),,,,,,,0,0,0,1,1,0,0,1,1
376,S100YVCR,E22559,,3120001136159,サントリーホールディングス株式会社,,010,043A00,160,2026-01-01,2026-12-31,2026-08-07 14:03,半期報告書－第18期(2026/01/01－2026/12/31),,,,,,,0,0,0,1,1,0,0,1,1
377,S100YU8G,E02331,77160,1060001010545,株式会社ナカニシ,,010,042000,135,,,2026-08-07 14:04,確認書,,,,,,,0,0,0,0,1,0,0,0,1
378,S100YV26,E03810,,6010001074037,野村證券株式会社,,060,030002,350,,,2026-08-07 14:04,変更報告書（特例対象株券等）,E01875,,,,S100YS0U,,0,0,0,1,1,1,0,1,1
379,S100YUCX,E42039,,,古川　良太,,060,010002,350,,,2026-08-07 14:05,変更報告書,E05168,,,,,,0,0,0,1,1,0,0,1,1
380,S100YV29,E03810,,6010001074037,野村證券株式会社,,060,030002,350,,,2026-08-07 14:05,変更報告書（特例対象株券等）,E01589,,,,S100Y258,,0,0,0,1,1,1,0,1,1
381,S100YVCT,E02241,72180,6230001001654,田中精密工業株式会社,,010,170000,220,,,2026-08-07 14:06,自己株券買付状況報告書（法２４条の６第１項に基づくもの）,,,,,,,0,0,0,1,1,0,0,1,1
382,S100YV2A,E03810,,6010001074037,野村證券株式会社,,060,030002,350,,,2026-08-07 14:06,変更報告書（特例対象株券等）,E01793,,,,S100S1PH,,0,0,0,1,1,1,0,1,1
383,S100YV2B,E03810,,6010001074037,野村證券株式会社,,060,030002,350,,,2026-08-07 14:07,変更報告書（特例対象株券等）,E01807,,,,S100YFM2,,0,0,0,1,1,1,0,1,1
384,S100YVBO,E00765,40280,9120001048976,石原産業株式会社,,010,053000,180,,,2026-08-07 14:07,臨時報告書,,,,第19条第2項第2号の2,,,0,0,0,1,1,0,0,1,1
385,S100YV2C,E03810,,6010001074037,野村證券株式会社,,060,030002,350,,,2026-08-07 14:07,変更報告書（特例対象株券等）,E01904,,,,S100YFOC,,0,0,0,1,1,1,0,1,1
386,S100YV2E,E03810,,6010001074037,野村證券株式会社,,060,030002,350,,,2026-08-07 14:08,変更報告書（特例対象株券等）,E01926,,,,S100YFPD,,0,0,0,1,1,1,0,1,1
387,S100YVCZ,E05413,37440,2010401067057,サイオス株式会社,,010,043A00,160,2026-01-01,2026-12-31,2026-08-07 14:09,半期報告書－第30期(2026/01/01－2026/12/31),,,,,,,0,0,0,1,1,0,0,1,1
388,S100YV2F,E03810,,6010001074037,野村證券株式会社,,060,030002,350,,,2026-08-07 14:09,変更報告書（特例対象株券等）,E30103,,,,S100VKDM,,0,0,0,1,1,1,0,1,1
389,S100YQO5,E38303,,,濱中　雄大,,060,010002,350,,,2026-08-07 14:10,変更報告書,E38129,,,,,,0,0,0,1,1,1,0,1,1
390,S100YV7D,E05413,37440,2010401067057,サイオス株式会社,,010,042000,135,,,2026-08-07 14:10,確認書,,,,,,,0,0,0,0,1,0,0,0,1
391,S100YV2H,E03810,,6010001074037,野村證券株式会社,,060,030000,350,,,2026-08-07 14:10,大量保有報告書（特例対象株券等）,E02205,,,,,,0,0,0,1,1,1,0,1,1
392,S100YVD0,E38078,58670,7010401041874,株式会社エスネットワークス,,010,043A00,160,2026-01-01,2026-12-31,2026-08-07 14:11,半期報告書－第28期(2026/01/01－2026/12/31),,,,,,,0,0,0,1,1,0,0,1,1
393,S100YVD1,E38078,58670,7010401041874,株式会社エスネットワークス,,010,042000,135,,,2026-08-07 14:11,確認書,,,,,,,0,0,0,0,1,0,0,0,1
394,S100YV2K,E06485,,7010001054021,野村アセットマネジメント株式会社,,060,030002,350,,,2026-08-07 14:12,変更報告書（特例対象株券等）,E01873,,,,,,0,0,0,1,1,1,0,1,1
395,S100YV8A,E00736,78490,7011701004273,スターツ出版株式会社,,010,043A00,160,2026-01-01,2026-12-31,2026-08-07 14:12,半期報告書－第44期(2026/01/01－2026/12/31),,,,,,,0,0,0,1,1,0,0,1,1
396,S100YVD3,E38078,58670,7010401041874,株式会社エスネットワークス,,010,053000,180,,,2026-08-07 14:13,臨時報告書,,,,第19条第2項第3号,,,0,0,0,1,1,0,0,1,1
397,S100YUYO,E02445,59650,3010401026945,株式会社フジマック,,010,043A00,160,2026-01-01,2026-12-31,2026-08-07 14:13,半期報告書－第78期(2026/01/01－2026/12/31),,,,,,,0,0,0,1,1,0,0,1,1
398,S100YV8C,E00736,78490,7011701004273,スターツ出版株式会社,,010,042000,135,,,2026-08-07 14:14,確認書,,,,,,,0,0,0,0,1,0,0,0,1
399,S100YUXK,E21258,62500,1013101005329,株式会社やまびこ,,010,043A00,160,2026-01-01,2026-12-31,2026-08-07 14:14,半期報告書－第19期(2026/01/01－2026/12/31),,,,,,,0,0,0,1,1,0,0,1,1
400,S100YUYA,E02445,59650,3010401026945,株式会社フジマック,,010,042000,135,,,2026-08-07 14:14,確認書,,,,,,,0,0,0,0,1,0,0,0,1
401,S100YUXO,E21258,62500,1013101005329,株式会社やまびこ,,010,042000,135,,,2026-08-07 14:15,確認書,,,,,,,0,0,0,0,1,0,0,0,1
402,S100YUJP,E01110,51100,6140001008691,住友ゴム工業株式会社,,010,043A00,160,2026-01-01,2026-12-31,2026-08-07 14:15,半期報告書－第135期(2026/01/01－2026/12/31),,,,,,,0,0,0,1,1,0,0,1,1
403,S100YUY4,E08957,,4010401049128,三井住友ＤＳアセットマネジメント株式会社,,060,030000,350,,,2026-08-07 14:20,大量保有報告書（特例対象株券等）,E01085,,,,,,0,0,0,1,1,1,0,1,1
404,S100YUY5,E08957,,4010401049128,三井住友ＤＳアセットマネジメント株式会社,,060,030002,350,,,2026-08-07 14:22,変更報告書（特例対象株券等）,E01480,,,,,,0,0,0,1,1,1,0,1,1
405,S100YVCY,E02121,34410,3020001020348,株式会社山王,,010,170000,220,,,2026-08-07 14:22,自己株券買付状況報告書（法２４条の６第１項に基づくもの）,,,,,,,0,0,0,1,1,0,0,1,1
406,S100YUY8,E08957,,4010401049128,三井住友ＤＳアセットマネジメント株式会社,,060,030002,350,,,2026-08-07 14:23,変更報告書（特例対象株券等）,E02175,,,,,,0,0,0,1,1,1,0,1,1
407,S100YUY9,E08957,,4010401049128,三井住友ＤＳアセットマネジメント株式会社,,060,030002,350,,,2026-08-07 14:24,変更報告書（特例対象株券等）,E26713,,,,,,0,0,0,1,1,1,0,1,1
408,S100YVBT,E39685,,1011001148909,グロースパートナーズ株式会社,,060,010002,350,,,2026-08-07 14:24,変更報告書,E03304,,,,,,0,0,0,1,1,1,0,1,1
409,S100YUYD,E08957,,4010401049128,三井住友ＤＳアセットマネジメント株式会社,,060,030002,350,,,2026-08-07 14:25,変更報告書（特例対象株券等）,E01113,,,,,,0,0,0,1,1,1,0,1,1
410,S100YUIV,E02175,72450,1180001012595,大同メタル工業株式会社,,010,170000,220,,,2026-08-07 14:26,自己株券買付状況報告書（法２４条の６第１項に基づくもの）,,,,,,,0,0,0,1,1,0,0,1,1
411,S100YVD2,E42039,,,古川　良太,,060,010002,350,,,2026-08-07 14:28,変更報告書,E05168,,,,,,0,0,0,1,1,0,0,1,1
412,S100YUS0,E01086,51080,3010001034943,株式会社ブリヂストン,,010,043A00,160,2026-01-01,2026-12-31,2026-08-07 14:32,半期報告書－第108期(2026/01/01－2026/12/31),,,,,,,0,0,0,1,1,0,0,1,1
413,S100YUUY,E01086,51080,3010001034943,株式会社ブリヂストン,,010,042000,135,,,2026-08-07 14:33,確認書,,,,,,,0,0,0,0,1,0,0,0,1
414,S100YV4I,E04517,95330,2180001022387,東邦瓦斯株式会社,,010,170000,220,,,2026-08-07 14:33,自己株券買付状況報告書（法２４条の６第１項に基づくもの）,,,,,,,0,0,0,1,1,0,0,1,1
415,S100YV6F,E01660,64980,2040001001644,株式会社キッツ,,010,043A00,160,2026-01-01,2026-12-31,2026-08-07 14:34,半期報告書－第113期(2026/01/01－2026/12/31),,,,,,,0,0,0,1,1,0,0,1,1
416,S100YV6K,E01660,64980,2040001001644,株式会社キッツ,,010,042000,135,,,2026-08-07 14:35,確認書,,,,,,,0,0,0,0,1,0,0,0,1
417,S100YUYC,E02644,80600,5010401008297,キヤノンマーケティングジャパン株式会社,,010,170000,220,,,2026-08-07 14:35,自己株券買付状況報告書（法２４条の６第１項に基づくもの）,,,,,,,0,0,0,1,1,0,0,1,1
418,S100YUD3,E24050,50200,9010001131743,ＥＮＥＯＳホールディングス株式会社,,010,170000,220,,,2026-08-07 14:37,自己株券買付状況報告書（法２４条の６第１項に基づくもの）,,,,,,,0,0,0,1,1,0,0,1,1
419,S100YV0F,E05199,42860,1011001025439,株式会社ＣＬホールディングス,,010,043A00,160,2026-01-01,2026-12-31,2026-08-07 14:37,半期報告書－第39期(2026/01/01－2026/12/31),,,,,,,0,0,0,1,1,0,0,1,1
420,S100YV18,E05199,42860,1011001025439,株式会社ＣＬホールディングス,,010,042000,135,,,2026-08-07 14:38,確認書,,,,,,,0,0,0,0,1,0,0,0,1
421,S100YVA5,E04887,96440,3120001133750,株式会社タナベコンサルティンググループ,,010,170000,220,,,2026-08-07 14:38,自己株券買付状況報告書（法２４条の６第１項に基づくもの）,,,,,,,0,0,0,1,1,0,0,1,1
422,S100YUTW,E04373,,2010001095722,首都高速道路株式会社,,010,113001,090,,,2026-08-07 14:39,訂正発行登録書,,,,,S100UUHQ,,0,0,0,0,1,0,0,0,1
423,S100YVDK,E30058,45880,4010401053237,オンコリスバイオファーマ株式会社,,010,043A00,160,2026-01-01,2026-12-31,2026-08-07 14:39,半期報告書－第23期(2026/01/01－2026/12/31),,,,,,,0,0,0,1,1,0,0,1,1
424,S100YVDL,E30058,45880,4010401053237,オンコリスバイオファーマ株式会社,,010,042000,135,,,2026-08-07 14:40,確認書,,,,,,,0,0,0,0,1,0,0,0,1
425,S100YUZ9,E02991,33860,6010601023038,コスモ・バイオ株式会社,,010,043A00,160,2026-01-01,2026-12-31,2026-08-07 14:41,半期報告書－第44期(2026/01/01－2026/12/31),,,,,,,0,0,0,1,1,0,0,1,1
426,S100YUZG,E02991,33860,6010601023038,コスモ・バイオ株式会社,,010,042000,135,,,2026-08-07 14:44,確認書,,,,,,,0,0,0,0,1,0,0,0,1
427,S100YV9Q,E02478,61590,1390001001841,ミクロン精密株式会社,,010,170000,220,,,2026-08-07 14:45,自己株券買付状況報告書（法２４条の６第１項に基づくもの）,,,,,,,0,0,0,1,1,0,0,1,1
428,S100YVDB,E01578,63710,2120001002188,株式会社椿本チエイン,,010,170000,220,,,2026-08-07 14:49,自己株券買付状況報告書（法２４条の６第１項に基づくもの）,,,,,,,0,0,0,1,1,0,0,1,1
429,S100YUZX,E04801,85940,1430001024094,中道リース株式会社,,010,043A00,160,2026-01-01,2026-12-31,2026-08-07 14:49,半期報告書－第55期(2026/01/01－2026/12/31),,,,,,,0,0,0,1,1,0,0,1,1
430,S100YUQV,E01140,53020,9010001035011,日本カーボン株式会社,,010,170000,220,,,2026-08-07 14:50,自己株券買付状況報告書（法２４条の６第１項に基づくもの）,,,,,,,0,0,0,1,1,0,0,1,1
431,S100YUNK,E32591,39400,3011001035642,株式会社ノムラシステムコーポレーション,,010,043A00,160,2026-01-01,2026-12-31,2026-08-07 14:50,半期報告書－第42期(2026/01/01－2026/12/31),,,,,,,0,0,0,1,1,0,0,1,1
432,S100YVDM,E11598,,,アローストリート・キャピタル・リミテッド・パートナーシップ,,060,030002,350,,,2026-08-07 14:50,変更報告書（特例対象株券等）,E01991,,,,S100WZ2A,,0,0,0,1,1,1,0,1,1
433,S100YV8O,E05232,43180,9120001063067,株式会社クイック,,010,053000,180,,,2026-08-07 14:50,臨時報告書,,,,第19条第2項第2号の2,,,0,0,0,1,1,0,0,1,1
434,S100YV0K,E04801,85940,1430001024094,中道リース株式会社,,010,042000,135,,,2026-08-07 14:50,確認書,,,,,,,0,0,0,0,1,0,0,0,1
435,S100YUQ1,E32591,39400,3011001035642,株式会社ノムラシステムコーポレーション,,010,042000,135,,,2026-08-07 14:51,確認書,,,,,,,0,0,0,0,1,0,0,0,1
436,S100YV5B,E00406,22670,7010401029746,株式会社ヤクルト本社,,010,170000,220,,,2026-08-07 14:51,自己株券買付状況報告書（法２４条の６第１項に基づくもの）,,,,,,,0,0,0,1,1,0,0,1,1
437,S100YV6B,E32591,39400,3011001035642,株式会社ノムラシステムコーポレーション,,010,053000,180,,,2026-08-07 14:52,臨時報告書,,,,第19条第2項第2号の2,,,0,0,0,1,1,0,0,1,1
438,S100YVDT,E03938,88440,2010401094621,株式会社コスモスイニシア,,010,170000,220,,,2026-08-07 14:55,自己株券買付状況報告書（法２４条の６第１項に基づくもの）,,,,,,,0,0,0,1,1,0,0,1,1
439,S100YV5D,E05041,94490,6011001029526,ＧＭＯインターネットグループ株式会社,,010,113001,090,,,2026-08-07 14:55,訂正発行登録書,,,,,S100YQD1,,0,0,0,0,1,1,0,0,1
440,S100YVDF,E02306,68580,1020001001886,株式会社小野測器,,010,043A00,160,2026-01-01,2026-12-31,2026-08-07 14:59,半期報告書－第73期(2026/01/01－2026/12/31),,,,,,,0,0,0,1,1,0,0,1,1
441,S100YV5X,E38200,93420,1120001170275,株式会社スマサポ,,010,053000,180,,,2026-08-07 15:00,臨時報告書,,,,第19条第2項第3号,,,0,0,0,1,1,0,0,1,1
442,S100YUO6,E02462,64000,3120001018670,不二精機株式会社,,010,043A00,160,2026-01-01,2026-12-31,2026-08-07 15:00,半期報告書－第62期(2026/01/01－2026/12/31),,,,,,,0,0,0,1,1,0,0,1,1
443,S100YVBV,E02040,68770,9021001027278,ＯＢＡＲＡ　ＧＲＯＵＰ株式会社,,010,053000,180,,,2026-08-07 15:00,臨時報告書,,,,第19条第2項第4号,,,0,0,0,1,1,0,0,1,1
444,S100YV1X,E01229,54080,5120001027901,株式会社中山製鋼所,,010,053000,180,,,2026-08-07 15:00,臨時報告書,,,,"第19条第2項第12号の2,第19条第2項第12号の3",,,0,0,0,1,1,0,0,1,1
445,S100YVDZ,E02185,56440,9160001013183,株式会社メタルアート,,010,053000,180,,,2026-08-07 15:00,臨時報告書,,,,第19条第2項第4号,,,0,0,0,1,1,0,0,1,1
446,S100YUO9,E02462,64000,3120001018670,不二精機株式会社,,010,042000,135,,,2026-08-07 15:00,確認書,,,,,,,0,0,0,0,1,0,0,0,1
447,S100YVCG,E22554,73140,6021001032396,株式会社小田原機器,,010,043A00,160,2026-01-01,2026-12-31,2026-08-07 15:00,半期報告書－第48期(2026/01/01－2026/12/31),,,,,,,0,0,0,1,1,0,0,1,1
448,S100YVBR,E00840,41830,4010401052081,三井化学株式会社,,010,170000,220,,,2026-08-07 15:00,自己株券買付状況報告書（法２４条の６第１項に基づくもの）,,,,,,,0,0,0,1,1,0,0,1,1
449,S100YVDO,E02306,68580,1020001001886,株式会社小野測器,,010,042000,135,,,2026-08-07 15:01,確認書,,,,,,,0,0,0,0,1,0,0,0,1
450,S100YVDD,E22554,73140,6021001032396,株式会社小田原機器,,010,042000,135,,,2026-08-07 15:01,確認書,,,,,,,0,0,0,0,1,0,0,0,1
451,S100YUJE,E01599,64630,3010001034852,ＴＰＲ株式会社,,010,170000,220,,,2026-08-07 15:02,自己株券買付状況報告書（法２４条の６第１項に基づくもの）,,,,,,,0,0,0,1,1,0,0,1,1
452,S100YVE0,E01110,51100,6140001008691,住友ゴム工業株式会社,,010,042000,135,,,2026-08-07 15:02,確認書,,,,,,,0,0,0,0,1,0,0,0,1
453,S100YV60,E38200,93420,1120001170275,株式会社スマサポ,,010,053000,180,,,2026-08-07 15:02,臨時報告書,,,,第19条第2項第8号の2,,,0,0,0,1,1,0,0,1,1
454,S100YVD6,E02025,64240,7011201003197,株式会社高見沢サイバネティックス,,010,053000,180,,,2026-08-07 15:02,臨時報告書,,,,第19条第2項第12号の4,,,0,0,0,1,1,0,0,1,1
455,S100YUC0,E23631,,5010701021660,楽天証券株式会社,,060,030002,350,,,2026-08-07 15:02,変更報告書（特例対象株券等）,E36100,,,,S100YOVC,,0,0,0,1,1,0,0,1,1
456,S100YUX5,E00876,34050,1260001013156,株式会社クラレ,,010,043A00,160,2026-01-01,2026-12-31,2026-08-07 15:03,半期報告書－第146期(2026/01/01－2026/12/31),,,,,,,0,0,0,1,1,0,0,1,1
457,S100YUBY,E23631,,5010701021660,楽天証券株式会社,,060,030002,350,,,2026-08-07 15:05,変更報告書（特例対象株券等）,E05713,,,,S100YRDX,,0,0,0,1,1,0,0,1,1
458,S100YV1Y,E01229,54080,5120001027901,株式会社中山製鋼所,,010,023000,030,,,2026-08-07 15:05,有価証券届出書（参照方式）,,,,,,,0,0,0,1,1,1,0,1,1
459,S100YUT4,E00905,46330,2120001043471,サカタインクス株式会社,,010,043A00,160,2026-01-01,2026-12-31,2026-08-07 15:06,半期報告書－第149期(2026/01/01－2026/12/31),,,,,,,0,0,0,1,1,0,0,1,1
460,S100YUBW,E23631,,5010701021660,楽天証券株式会社,,060,030000,350,,,2026-08-07 15:06,大量保有報告書（特例対象株券等）,E37595,,,,,,0,0,0,1,1,0,0,1,1
461,S100YTTA,E01267,63260,1120001037978,株式会社　クボタ,,010,043A00,160,2026-01-01,2026-12-31,2026-08-07 15:06,半期報告書－第137期(2026/01/01－2026/12/31),,,,,,,0,0,0,1,1,0,0,1,1
462,S100YUYB,E00876,34050,1260001013156,株式会社クラレ,,010,042000,135,,,2026-08-07 15:06,確認書,,,,,,,0,0,0,0,1,0,0,0,1
463,S100YV9E,E05477,24360,4010001041427,共同ピーアール株式会社,,010,170000,220,,,2026-08-07 15:06,自己株券買付状況報告書（法２４条の６第１項に基づくもの）,,,,,,,0,0,0,1,1,0,0,1,1
464,S100YTTL,E01267,63260,1120001037978,株式会社　クボタ,,010,042000,135,,,2026-08-07 15:06,確認書,,,,,,,0,0,0,0,1,0,0,0,1
465,S100YUUV,E37220,92570,,ＹＣＰホールディングス（グローバル）リミテッド,,060,010002,350,,,2026-08-07 15:07,変更報告書,E37220,,,,S100YRIC,,0,0,0,1,1,1,0,1,1
466,S100YUBV,E23631,,5010701021660,楽天証券株式会社,,060,030002,350,,,2026-08-07 15:07,変更報告書（特例対象株券等）,E39668,,,,S100UTBG,,0,0,0,1,1,0,0,1,1
467,S100YULM,E01114,51840,1140001010033,株式会社ニチリン,,010,043A00,160,2026-01-01,2026-12-31,2026-08-07 15:08,半期報告書－第143期(2026/01/01－2026/12/31),,,,,,,0,0,0,1,1,0,0,1,1
468,S100YUBX,E23631,,5010701021660,楽天証券株式会社,,060,030000,350,,,2026-08-07 15:08,大量保有報告書（特例対象株券等）,E05645,,,,,,0,0,0,1,1,0,0,1,1
469,S100YUTG,E00905,46330,2120001043471,サカタインクス株式会社,,010,042000,135,,,2026-08-07 15:08,確認書,,,,,,,0,0,0,0,1,0,0,0,1
470,S100YUC1,E23631,,5010701021660,楽天証券株式会社,,060,030000,350,,,2026-08-07 15:09,大量保有報告書（特例対象株券等）,E36173,,,,,,0,0,0,1,1,0,0,1,1
471,S100YUMX,E01114,51840,1140001010033,株式会社ニチリン,,010,042000,135,,,2026-08-07 15:09,確認書,,,,,,,0,0,0,0,1,0,0,0,1
472,S100YV0S,E23820,86000,5470001011928,トモニホールディングス株式会社,,010,053000,180,,,2026-08-07 15:10,臨時報告書,,,,第19条第2項第2号の2,,,0,0,0,1,1,0,0,1,1
473,S100YU6I,E30819,,,Ｉｎｖｅｓｃｏ　Ｃａｐｉｔａｌ　Ｍａｎａｇｅｍｅｎｔ　ＬＬＣ,,060,010002,350,,,2026-08-07 15:14,変更報告書,E30919,,,,,,0,0,0,1,1,1,0,1,1
474,S100YV15,E00664,39440,6120001088901,古林紙工株式会社,,010,043A00,160,2026-01-01,2026-12-31,2026-08-07 15:15,半期報告書－第97期(2026/01/01－2026/12/31),,,,,,,0,0,0,1,1,0,0,1,1
475,S100YUUE,E03859,88040,6010001034998,東京建物株式会社,,010,043A00,160,2026-01-01,2026-12-31,2026-08-07 15:16,半期報告書－第209期(2026/01/01－2026/12/31),,,,,,,0,0,0,1,1,0,0,1,1
476,S100YV19,E00664,39440,6120001088901,古林紙工株式会社,,010,042000,135,,,2026-08-07 15:16,確認書,,,,,,,0,0,0,0,1,0,0,0,1
477,S100YUUG,E03859,88040,6010001034998,東京建物株式会社,,010,042000,135,,,2026-08-07 15:17,確認書,,,,,,,0,0,0,0,1,0,0,0,1
478,S100YUUR,E01431,59970,2290001038257,協立エアテック株式会社,,010,043A00,160,2026-01-01,2026-12-31,2026-08-07 15:19,半期報告書－第56期(2026/01/01－2026/12/31),,,,,,,0,0,0,1,1,0,0,1,1
479,S100YVEL,E36648,73730,6013301031269,株式会社アイドマ・ホールディングス,,010,170000,220,,,2026-08-07 15:19,自己株券買付状況報告書（法２４条の６第１項に基づくもの）,,,,,,,0,0,0,1,1,0,0,1,1
480,S100YUUU,E01431,59970,2290001038257,協立エアテック株式会社,,010,042000,135,,,2026-08-07 15:20,確認書,,,,,,,0,0,0,0,1,0,0,0,1
481,S100YV9B,E41900,,4010901054338,株式会社アポロ・キャピタル,,060,090001,360,,,2026-08-07 15:21,訂正報告書（大量保有報告書・変更報告書）,E34853,,,,S100Y9DC,,0,0,0,1,1,1,0,1,1
482,S100YSJU,E35168,,,柴原　慶一,,060,010002,350,,,2026-08-07 15:25,変更報告書,E35140,,,,S100XKE1,,0,0,0,1,1,1,0,1,1
483,S100YV7C,E01714,63280,5010001039024,荏原実業株式会社,,010,170000,220,,,2026-08-07 15:27,自己株券買付状況報告書（法２４条の６第１項に基づくもの）,,,,,,,0,0,0,1,1,0,0,1,1
484,S100YUVW,E01714,63280,5010001039024,荏原実業株式会社,,010,042000,135,,,2026-08-07 15:27,確認書,,,,,,,0,0,0,0,1,0,0,0,1
485,S100YUVO,E01714,63280,5010001039024,荏原実業株式会社,,010,043A00,160,2026-01-01,2026-12-31,2026-08-07 15:28,半期報告書－第88期(2026/01/01－2026/12/31),,,,,,,0,0,0,1,1,0,0,1,1
486,S100YVEP,E02144,72030,1180301018771,トヨタ自動車株式会社,,010,053001,190,,,2026-08-07 15:30,訂正臨時報告書,,,,第19条第2項第2号の2,S100YU3U,,0,0,0,1,1,0,0,1,1
487,S100YUTH,E02900,76130,7120001080989,シークス株式会社,,010,043A00,160,2026-01-01,2026-12-31,2026-08-07 15:30,半期報告書－第35期(2026/01/01－2026/12/31),,,,,,,0,0,0,1,1,0,0,1,1
488,S100YVEY,E02140,72760,1010401009745,株式会社小糸製作所,,010,170000,220,,,2026-08-07 15:30,自己株券買付状況報告書（法２４条の６第１項に基づくもの）,,,,,,,0,0,0,1,1,0,0,1,1
489,S100YV3L,E01654,64650,4180001069484,ホシザキ株式会社,,010,043A00,160,2026-01-01,2026-12-31,2026-08-07 15:30,半期報告書－第81期(2026/01/01－2026/12/31),,,,,,,0,0,0,1,1,0,0,1,1
490,S100YUYR,E30998,60290,6120001113618,アトラグループ株式会社,,010,043A00,160,2026-01-01,2026-12-31,2026-08-07 15:30,半期報告書－第22期(2026/01/01－2026/12/31),,,,,,,0,0,0,1,1,0,0,1,1
491,S100YUV5,E00011,19110,4010001090011,住友林業株式会社,,010,113001,090,,,2026-08-07 15:30,訂正発行登録書,,,,,S100YO6T,,0,0,0,0,1,0,0,0,1
492,S100YV6Q,E02845,74900,4010401033255,日新商事株式会社,,010,053000,180,,,2026-08-07 15:30,臨時報告書,,,,第19条第2項第4号の4,,,0,0,0,1,1,0,0,1,1
493,S100YV4L,E01551,63830,5120001050011,株式会社ダイフク,,010,043A00,160,2026-01-01,2026-12-31,2026-08-07 15:30,半期報告書－第111期(2026/01/01－2026/12/31),,,,,,,0,0,0,1,1,0,0,1,1
494,S100YV4C,E34522,29700,7330001008449,ＧＬＣ　ＧＲＯＵＰ株式会社,,010,043A00,160,2026-01-01,2026-12-31,2026-08-07 15:30,半期報告書－第19期(2026/01/01－2026/12/31),,,,,,,0,0,0,1,1,0,0,1,1
495,S100YV8T,E01353,59010,7010701026096,東洋製罐グループホールディングス株式会社,,010,023000,030,,,2026-08-07 15:30,有価証券届出書（参照方式）,,,,,,,0,0,0,1,1,1,0,1,1
496,S100YUY0,E01412,59590,7010601009878,岡部株式会社,,010,043A00,160,2026-01-01,2026-12-31,2026-08-07 15:30,半期報告書－第83期(2026/01/01－2026/12/31),,,,,,,0,0,0,1,1,0,0,1,1
497,S100YV6N,E00227,19520,2010001062912,新日本空調株式会社,,010,053000,180,,,2026-08-07 15:30,臨時報告書,,,,第19条第2項第2号の2,,,0,0,0,1,1,0,0,1,1
498,S100YVB7,E01878,68410,4012401012569,横河電機株式会社,,010,170000,220,,,2026-08-07 15:30,自己株券買付状況報告書（法２４条の６第１項に基づくもの）,,,,,,,0,0,0,1,1,0,0,1,1
499,S100YUD4,E14109,,3010405006092,ＫＤＸ不動産投資法人,G04467,030,253000,220,,,2026-08-07 15:30,自己株券買付状況報告書（法２４条の６第１項に基づくもの）,,,,,,,0,0,0,1,1,0,0,1,1
500,S100YUQ4,E01047,49670,4120001077402,小林製薬株式会社,,010,043A00,160,2026-01-01,2026-12-31,2026-08-07 15:30,半期報告書－第109期(2026/01/01－2026/12/31),,,,,,,0,0,0,1,1,0,0,1,1
501,S100YUYZ,E30998,60290,6120001113618,アトラグループ株式会社,,010,042000,135,,,2026-08-07 15:30,確認書,,,,,,,0,0,0,0,1,0,0,0,1
502,S100YV4D,E34522,29700,7330001008449,ＧＬＣ　ＧＲＯＵＰ株式会社,,010,042000,135,,,2026-08-07 15:30,確認書,,,,,,,0,0,0,0,1,0,0,0,1
503,S100YRC8,E04425,94330,9011101031552,ＫＤＤＩ株式会社,,010,053000,180,,,2026-08-07 15:30,臨時報告書,,,,第19条第2項第2号の2,,,0,0,0,1,1,0,0,1,1
504,S100YV80,E01094,51210,5010701008682,藤倉コンポジット株式会社,,010,170000,220,,,2026-08-07 15:30,自己株券買付状況報告書（法２４条の６第１項に基づくもの）,,,,,,,0,0,0,1,1,0,0,1,1
505,S100YVBP,E22049,21860,9010801008257,ソーバル株式会社,,010,053000,180,,,2026-08-07 15:30,臨時報告書,,,,第19条第2項第4号,,,0,0,0,1,1,0,0,1,1
506,S100YVF4,E14197,,1010005008854,大和証券オフィス投資法人,G04601,030,995000,180,,,2026-08-07 15:30,臨時報告書（内国特定有価証券）,,,,第29条第2項第2号,,,0,0,0,1,1,0,0,1,1
507,S100YUY6,E01412,59590,7010601009878,岡部株式会社,,010,042000,135,,,2026-08-07 15:30,確認書,,,,,,,0,0,0,0,1,0,0,0,1
508,S100YV43,E01654,64650,4180001069484,ホシザキ株式会社,,010,042000,135,,,2026-08-07 15:30,確認書,,,,,,,0,0,0,0,1,0,0,0,1
509,S100YURX,E01047,49670,4120001077402,小林製薬株式会社,,010,042000,135,,,2026-08-07 15:30,確認書,,,,,,,0,0,0,0,1,0,0,0,1
510,S100YUU9,E02900,76130,7120001080989,シークス株式会社,,010,042000,135,,,2026-08-07 15:30,確認書,,,,,,,0,0,0,0,1,0,0,0,1
511,S100YVCL,E05407,89290,4010401087540,株式会社青山財産ネットワークス,,010,043A00,160,2026-01-01,2026-12-31,2026-08-07 15:30,半期報告書－第36期(2026/01/01－2026/12/31),,,,,,,0,0,0,1,1,0,0,1,1
512,S100YV53,E01551,63830,5120001050011,株式会社ダイフク,,010,042000,135,,,2026-08-07 15:31,確認書,,,,,,,0,0,0,0,1,0,0,0,1
513,S100YV3X,E02272,77330,5011001005222,オリンパス株式会社,,010,170000,220,,,2026-08-07 15:31,自己株券買付状況報告書（法２４条の６第１項に基づくもの）,,,,,,,0,0,0,1,1,0,0,1,1
514,S100YV2V,E01108,72820,7180001045235,豊田合成株式会社,,010,170000,220,,,2026-08-07 15:31,自己株券買付状況報告書（法２４条の６第１項に基づくもの）,,,,,,,0,0,0,1,1,0,0,1,1
515,S100YUOR,E02103,34360,3010401046159,株式会社ＳＵＭＣＯ,,010,043A00,160,2026-01-01,2026-12-31,2026-08-07 15:31,半期報告書－第28期(2026/01/01－2026/12/31),,,,,,,0,0,0,1,1,0,0,1,1
516,S100YVEH,E33579,34860,3011001044453,株式会社グローバル・リンク・マネジメント,,010,043A00,160,2026-01-01,2026-12-31,2026-08-07 15:31,半期報告書－第22期(2026/01/01－2026/12/31),,,,,,,0,0,0,1,1,0,0,1,1
517,S100YUZS,E35947,29320,8010401135262,株式会社ＳＴＩフードホールディングス,,010,043A00,160,2026-01-01,2026-12-31,2026-08-07 15:31,半期報告書－第10期(2026/01/01－2026/12/31),,,,,,,0,0,0,1,1,0,0,1,1
518,S100YV99,E04358,96030,6011101002696,株式会社エイチ・アイ・エス,,010,170000,220,,,2026-08-07 15:31,自己株券買付状況報告書（法２４条の６第１項に基づくもの）,,,,,,,0,0,0,1,1,0,0,1,1
519,S100YVCS,E05407,89290,4010401087540,株式会社青山財産ネットワークス,,010,042000,135,,,2026-08-07 15:31,確認書,,,,,,,0,0,0,0,1,0,0,0,1
520,S100YUT8,E23594,,,マッコーリー　バンク　リミテッド,,060,010002,350,,,2026-08-07 15:31,変更報告書,E05351,,,,S100XDO3,,0,0,0,1,1,1,0,1,1
521,S100YUOU,E02103,34360,3010401046159,株式会社ＳＵＭＣＯ,,010,042000,135,,,2026-08-07 15:31,確認書,,,,,,,0,0,0,0,1,0,0,0,1
522,S100YVEI,E33579,34860,3011001044453,株式会社グローバル・リンク・マネジメント,,010,042000,135,,,2026-08-07 15:31,確認書,,,,,,,0,0,0,0,1,0,0,0,1
523,S100YVCE,E27208,45860,3470001011509,株式会社メドレックス,,010,043A00,160,2026-01-01,2026-12-31,2026-08-07 15:32,半期報告書－第25期(2026/01/01－2026/12/31),,,,,,,0,0,0,1,1,0,0,1,1
524,S100YUYK,E01995,69150,5010001050385,千代田インテグレ株式会社,,010,043A00,160,2026-01-01,2026-12-31,2026-08-07 15:32,半期報告書－第71期(2026/01/01－2026/12/31),,,,,,,0,0,0,1,1,0,0,1,1
525,S100YUZT,E35947,29320,8010401135262,株式会社ＳＴＩフードホールディングス,,010,042000,135,,,2026-08-07 15:32,確認書,,,,,,,0,0,0,0,1,0,0,0,1
526,S100YU8A,E02584,80890,2020001037946,ナイス株式会社,,060,010000,350,,,2026-08-07 15:32,大量保有報告書,E02798,,,,,,0,0,0,1,1,0,0,1,1
527,S100YSBR,E04425,94330,9011101031552,ＫＤＤＩ株式会社,,010,113001,090,,,2026-08-07 15:32,訂正発行登録書,,,,,S100X4W8,,0,0,0,0,1,0,0,0,1
528,S100YUZJ,E01995,69150,5010001050385,千代田インテグレ株式会社,,010,042000,135,,,2026-08-07 15:32,確認書,,,,,,,0,0,0,0,1,0,0,0,1
529,S100YVD4,E03856,88020,2010001008774,三菱地所株式会社,,010,110000,080,,,2026-08-07 15:33,発行登録書（株券､社債券等）,,,,,,,0,0,0,1,1,1,0,1,1
530,S100YU10,E02127,70120,1140001005719,川崎重工業株式会社,,010,030001,130,,,2026-08-07 15:33,訂正有価証券報告書－第203期(2025/04/01－2026/03/31),,,,,S100Y99Z,,0,0,0,1,1,0,0,1,1
531,S100YVAW,E01563,63100,2500001000533,井関農機株式会社,,010,043A00,160,2026-01-01,2026-12-31,2026-08-07 15:33,半期報告書－第103期(2026/01/01－2026/12/31),,,,,,,0,0,0,1,1,0,0,1,1
532,S100YU9K,E33958,,2010001185795,ティー・ロウ・プライス・ジャパン株式会社,,060,030002,350,,,2026-08-07 15:33,変更報告書（特例対象株券等）,E02040,,,,,,0,0,0,1,1,0,0,1,1
533,S100YV06,E05020,47120,1010001110481,株式会社ＫｅｙＨｏｌｄｅｒ,,010,043A00,160,2026-01-01,2026-12-31,2026-08-07 15:33,半期報告書－第60期(2026/01/01－2026/12/31),,,,,,,0,0,0,1,1,0,0,1,1
534,S100YUTE,E04089,90060,7010401009277,京浜急行電鉄株式会社,,010,170000,220,,,2026-08-07 15:33,自己株券買付状況報告書（法２４条の６第１項に基づくもの）,,,,,,,0,0,0,1,1,0,0,1,1
535,S100YTRB,E35813,,8010001153111,エンデバー・ユナイテッド株式会社,,060,010002,350,,,2026-08-07 15:33,変更報告書,E00839,,,,,,0,0,0,1,1,0,0,1,1
536,S100YVAN,E00759,40210,1010001008734,日産化学株式会社,,010,053000,180,,,2026-08-07 15:33,臨時報告書,,,,第19条第2項第2号の2,,,0,0,0,1,1,0,0,1,1
537,S100YU0N,E04090,90050,7011001016291,東急株式会社,,010,170000,220,,,2026-08-07 15:33,自己株券買付状況報告書（法２４条の６第１項に基づくもの）,,,,,,,0,0,0,1,1,0,0,1,1
538,S100YV4A,E02379,59430,6140001010383,株式会社ノーリツ,,010,170000,220,,,2026-08-07 15:33,自己株券買付状況報告書（法２４条の６第１項に基づくもの）,,,,,,,0,0,0,1,1,0,0,1,1
539,S100YV1W,E03492,262A0,6011001038675,株式会社インターメスティック,,010,043A00,160,2026-01-01,2026-12-31,2026-08-07 15:33,半期報告書－第34期(2026/01/01－2026/12/31),,,,,,,0,0,0,1,1,0,0,1,1
540,S100YUCL,E34595,,,アセット・バリュー・インベスターズ・リミテッド,,060,010002,350,,,2026-08-07 15:33,変更報告書,E02059,,,,S100Y2RM,,0,0,0,1,1,1,0,1,1
541,S100YV08,E05020,47120,1010001110481,株式会社ＫｅｙＨｏｌｄｅｒ,,010,042000,135,,,2026-08-07 15:33,確認書,,,,,,,0,0,0,0,1,0,0,0,1
542,S100YV5C,E34975,70670,2011001038472,ブランディングテクノロジー株式会社,,010,170000,220,,,2026-08-07 15:33,自己株券買付状況報告書（法２４条の６第１項に基づくもの）,,,,,,,0,0,0,1,1,0,0,1,1
543,S100YULA,E05647,43440,3010401051654,ソースネクスト株式会社,,010,043A00,160,2026-01-01,2026-12-31,2026-08-07 15:34,半期報告書－第31期(2026/01/01－2026/12/31),,,,,,,0,0,0,1,1,0,0,1,1
544,S100YVF7,E33039,39830,7013201012673,株式会社オロ,,010,170000,220,,,2026-08-07 15:34,自己株券買付状況報告書（法２４条の６第１項に基づくもの）,,,,,,,0,0,0,1,1,0,0,1,1
545,S100YVF9,E14197,,1010005008854,大和証券オフィス投資法人,G04601,030,253000,220,,,2026-08-07 15:34,自己株券買付状況報告書（法２４条の６第１項に基づくもの）,,,,,,,0,0,0,1,1,0,0,1,1
546,S100YVC2,E01563,63100,2500001000533,井関農機株式会社,,010,042000,135,,,2026-08-07 15:34,確認書,,,,,,,0,0,0,0,1,0,0,0,1
547,S100YV1Z,E03492,262A0,6011001038675,株式会社インターメスティック,,010,042000,135,,,2026-08-07 15:34,確認書,,,,,,,0,0,0,0,1,0,0,0,1
548,S100YTS8,E30522,,,シンフォニー・フィナンシャル・パートナーズ（シンガポール）ピーティーイー・リミテッド,,060,010002,350,,,2026-08-07 15:34,変更報告書,E01758,,,,S100VV7S,,0,0,0,1,1,1,0,1,1
549,S100YU68,E26199,,,ＮＸＣ　Ｃｏｒｐｏｒａｔｉｏｎ,,060,010002,350,,,2026-08-07 15:34,変更報告書,E25850,,,,,,0,0,0,1,1,1,0,1,1
550,S100YV95,E03622,84180,5250001007270,株式会社山口フィナンシャルグループ,,010,053000,180,,,2026-08-07 15:34,臨時報告書,,,,第19条第2項第2号の2,,,0,0,0,1,1,0,0,1,1
551,S100YVCO,E27208,45860,3470001011509,株式会社メドレックス,,010,042000,135,,,2026-08-07 15:34,確認書,,,,,,,0,0,0,0,1,0,0,0,1
552,S100YV0X,E01773,67530,6120001005484,シャープ株式会社,,010,053000,180,,,2026-08-07 15:34,臨時報告書,,,,"第19条第2項第3号,第19条第2項第7号,第19条第2項第7号の3",,,0,0,0,1,1,0,0,1,1
553,S100YULB,E05647,43440,3010401051654,ソースネクスト株式会社,,010,042000,135,,,2026-08-07 15:34,確認書,,,,,,,0,0,0,0,1,0,0,0,1
554,S100YV7G,E21261,21810,8011001058176,パーソルホールディングス株式会社,,010,053000,180,,,2026-08-07 15:35,臨時報告書,,,,第19条第2項第2号の2,,,0,0,0,1,1,0,0,1,1
555,S100YVBF,E35928,49330,6140001082869,株式会社Ｉ－ｎｅ,,010,043A00,160,2026-01-01,2026-12-31,2026-08-07 15:35,半期報告書－第20期(2026/01/01－2026/12/31),,,,,,,0,0,0,1,1,0,0,1,1
556,S100YULN,E33594,62350,1030001056764,株式会社オプトラン,,010,043A00,160,2026-01-01,2026-12-31,2026-08-07 15:35,半期報告書－第28期(2026/01/01－2026/12/31),,,,,,,0,0,0,1,1,0,0,1,1
557,S100YVDR,E25662,70220,8120001166449,サノヤスホールディングス株式会社,,010,170000,220,,,2026-08-07 15:35,自己株券買付状況報告書（法２４条の６第１項に基づくもの）,,,,,,,0,0,0,1,1,0,0,1,1
558,S100YVF6,E01385,59290,3011101010289,三和ホールディングス株式会社,,010,170000,220,,,2026-08-07 15:35,自己株券買付状況報告書（法２４条の６第１項に基づくもの）,,,,,,,0,0,0,1,1,0,0,1,1
559,S100YUQC,E33958,,2010001185795,ティー・ロウ・プライス・ジャパン株式会社,,060,090001,360,,,2026-08-07 15:35,訂正報告書（大量保有報告書・変更報告書）,E03464,,,,S100YREX,,0,0,0,1,1,1,0,1,1
560,S100YTRM,E27325,,6011001091831,株式会社ストラテジックキャピタル,,060,010002,350,,,2026-08-07 15:35,変更報告書,E02735,,,,,,0,0,0,1,1,0,0,1,1
561,S100YURG,E01874,66750,2010401060020,サクサ株式会社,,010,053000,180,,,2026-08-07 15:36,臨時報告書,,,,"第19条第2項第12号,第19条第2項第19号",,,0,0,0,1,1,0,0,1,1
562,S100YV3F,E02825,74600,6120001077581,株式会社ヤギ,,010,170000,220,,,2026-08-07 15:36,自己株券買付状況報告書（法２４条の６第１項に基づくもの）,,,,,,,0,0,0,1,1,0,0,1,1
563,S100YV72,E02144,72030,1180301018771,トヨタ自動車株式会社,,010,113001,090,,,2026-08-07 15:36,訂正発行登録書,,,,,S100VNT2,,0,0,0,0,1,0,0,0,1
564,S100YUZY,E41149,471A0,3010001220782,ＮＳグループ株式会社,,010,043A00,160,2026-01-01,2026-12-31,2026-08-07 15:36,半期報告書－第6期(2026/01/01－2026/12/31),,,,,,,0,0,0,1,1,0,0,1,1
565,S100YVF8,E33594,62350,1030001056764,株式会社オプトラン,,010,042000,135,,,2026-08-07 15:36,確認書,,,,,,,0,0,0,0,1,0,0,0,1
566,S100YV1O,E30126,14290,4020001061696,株式会社日本アクア,,010,043A00,160,2026-01-01,2026-12-31,2026-08-07 15:36,半期報告書－第23期(2026/01/01－2026/12/31),,,,,,,0,0,0,1,1,0,0,1,1
567,S100YVBH,E35928,49330,6140001082869,株式会社Ｉ－ｎｅ,,010,042000,135,,,2026-08-07 15:36,確認書,,,,,,,0,0,0,0,1,0,0,0,1
568,S100YV21,E03492,262A0,6011001038675,株式会社インターメスティック,,010,053000,180,,,2026-08-07 15:36,臨時報告書,,,,第19条第2項第3号,,,0,0,0,1,1,0,0,1,1
569,S100YVDS,E36706,91470,5010001223668,ＮＩＰＰＯＮ　ＥＸＰＲＥＳＳホールディングス株式会社,,010,043A00,160,2026-01-01,2026-12-31,2026-08-07 15:36,半期報告書－第5期(2026/01/01－2026/12/31),,,,,,,0,0,0,1,1,0,0,1,1
570,S100YV1J,E05474,37650,8010001082839,ガンホー・オンライン・エンターテイメント株式会社,,010,043A00,160,2026-01-01,2026-06-30,2026-08-07 15:36,半期報告書－第30期(2026/01/01－2026/06/30),,,,,,,0,0,0,1,1,0,0,1,1
571,S100YV4G,E02379,59430,6140001010383,株式会社ノーリツ,,010,043A00,160,2026-01-01,2026-12-31,2026-08-07 15:36,半期報告書－第77期(2026/01/01－2026/12/31),,,,,,,0,0,0,1,1,0,0,1,1
572,S100YV8N,E00395,25030,5010001034768,キリンホールディングス株式会社,,010,043A00,160,2026-01-01,2026-12-31,2026-08-07 15:36,半期報告書－第188期(2026/01/01－2026/12/31),,,,,,,0,0,0,1,1,0,0,1,1
573,S100YUV3,E05206,42930,6011101024311,株式会社セプテーニ・ホールディングス,,010,043A00,160,2026-01-01,2026-12-31,2026-08-07 15:36,半期報告書－第36期(2026/01/01－2026/12/31),,,,,,,0,0,0,1,1,0,0,1,1
574,S100YV00,E41149,471A0,3010001220782,ＮＳグループ株式会社,,010,042000,135,,,2026-08-07 15:36,確認書,,,,,,,0,0,0,0,1,0,0,0,1
575,S100YUXM,E00693,79120,5011101012069,大日本印刷株式会社,,010,170000,220,,,2026-08-07 15:37,自己株券買付状況報告書（法２４条の６第１項に基づくもの）,,,,,,,0,0,0,1,1,0,0,1,1
576,S100YVEN,E36706,91470,5010001223668,ＮＩＰＰＯＮ　ＥＸＰＲＥＳＳホールディングス株式会社,,010,042000,135,,,2026-08-07 15:37,確認書,,,,,,,0,0,0,0,1,0,0,0,1
577,S100YV7W,E33626,39980,7010001136802,株式会社すららネット,,010,043A00,160,2026-01-01,2026-12-31,2026-08-07 15:37,半期報告書－第19期(2026/01/01－2026/12/31),,,,,,,0,0,0,1,1,0,0,1,1
578,S100YV1P,E30126,14290,4020001061696,株式会社日本アクア,,010,042000,135,,,2026-08-07 15:37,確認書,,,,,,,0,0,0,0,1,0,0,0,1
579,S100YV4S,E02379,59430,6140001010383,株式会社ノーリツ,,010,042000,135,,,2026-08-07 15:37,確認書,,,,,,,0,0,0,0,1,0,0,0,1
580,S100YVFD,E02127,70120,1140001005719,川崎重工業株式会社,,010,042100,135,,,2026-08-07 15:38,確認書,,,,,S100YU10,,0,0,0,0,1,0,0,0,1
581,S100YV93,E00395,25030,5010001034768,キリンホールディングス株式会社,,010,042000,135,,,2026-08-07 15:38,確認書,,,,,,,0,0,0,0,1,0,0,0,1
582,S100YV9A,E02450,78670,8011801003488,株式会社タカラトミー,,010,170000,220,,,2026-08-07 15:38,自己株券買付状況報告書（法２４条の６第１項に基づくもの）,,,,,,,0,0,0,1,1,0,0,1,1
583,S100YVFC,E37082,71310,2012701007849,のむら産業株式会社,,010,053000,180,,,2026-08-07 15:38,臨時報告書,,,,第19条第2項第3号,,,0,0,0,1,1,0,0,1,1
584,S100YV1Q,E05474,37650,8010001082839,ガンホー・オンライン・エンターテイメント株式会社,,010,042000,135,,,2026-08-07 15:38,確認書,,,,,,,0,0,0,0,1,0,0,0,1
585,S100YV84,E33626,39980,7010001136802,株式会社すららネット,,010,042000,135,,,2026-08-07 15:39,確認書,,,,,,,0,0,0,0,1,0,0,0,1
586,S100YTZM,E01888,69880,2120901001628,日東電工株式会社,,010,170000,220,,,2026-08-07 15:39,自己株券買付状況報告書（法２４条の６第１項に基づくもの）,,,,,,,0,0,0,1,1,0,0,1,1
587,S100YUTO,E33702,43920,4320001016471,ＦＩＧ株式会社,,010,043A00,160,2026-01-01,2026-12-31,2026-08-07 15:39,半期報告書－第9期(2026/01/01－2026/12/31),,,,,,,0,0,0,1,1,0,0,1,1
588,S100YUS7,E05206,42930,6011101024311,株式会社セプテーニ・ホールディングス,,010,042000,135,,,2026-08-07 15:39,確認書,,,,,,,0,0,0,0,1,0,0,0,1
589,S100YVFF,E04371,,4180001056169,中日本高速道路株式会社,,010,113001,090,,,2026-08-07 15:39,訂正発行登録書,,,,,S100UWX0,,0,0,0,0,1,0,0,0,1
590,S100YUXS,E00892,46120,7120001072994,日本ペイントホールディングス株式会社,,010,043A00,160,2026-01-01,2026-12-31,2026-08-07 15:40,半期報告書－第201期(2026/01/01－2026/12/31),,,,,,,0,0,0,1,1,0,0,1,1
591,S100YVDW,E01740,65040,9020001071492,富士電機株式会社,,010,170000,220,,,2026-08-07 15:40,自己株券買付状況報告書（法２４条の６第１項に基づくもの）,,,,,,,0,0,0,1,1,0,0,1,1
592,S100YUTS,E33702,43920,4320001016471,ＦＩＧ株式会社,,010,042000,135,,,2026-08-07 15:40,確認書,,,,,,,0,0,0,0,1,0,0,0,1
593,S100YTUS,E05739,36260,2010001134133,ＴＩＳＩ株式会社,,010,170000,220,,,2026-08-07 15:40,自己株券買付状況報告書（法２４条の６第１項に基づくもの）,,,,,,,0,0,0,1,1,0,0,1,1
594,S100YVBU,E00981,45650,4010001021288,ネクセラファーマ株式会社,,010,043A00,160,2026-01-01,2026-12-31,2026-08-07 15:40,半期報告書－第37期(2026/01/01－2026/12/31),,,,,,,0,0,0,1,1,0,0,1,1
595,S100YV2I,E00395,25030,5010001034768,キリンホールディングス株式会社,,010,053000,180,,,2026-08-07 15:40,臨時報告書,,,,"第19条第2項第3号,第19条第2項第8号の2",,,0,0,0,1,1,0,0,1,1
596,S100YUDG,E00444,28110,2180001035109,カゴメ株式会社,,010,043A00,160,2026-01-01,2026-12-31,2026-08-07 15:41,半期報告書－第83期(2026/01/01－2026/12/31),,,,,,,0,0,0,1,1,0,0,1,1
597,S100YVFI,E00218,18780,4010401016607,大東建託株式会社,,010,170000,220,,,2026-08-07 15:41,自己株券買付状況報告書（法２４条の６第１項に基づくもの）,,,,,,,0,0,0,1,1,0,0,1,1
598,S100YVC8,E00981,45650,4010001021288,ネクセラファーマ株式会社,,010,042000,135,,,2026-08-07 15:41,確認書,,,,,,,0,0,0,0,1,0,0,0,1
599,S100YUDL,E00444,28110,2180001035109,カゴメ株式会社,,010,042000,135,,,2026-08-07 15:41,確認書,,,,,,,0,0,0,0,1,0,0,0,1
600,S100YUXI,E00892,46120,7120001072994,日本ペイントホールディングス株式会社,,010,042000,135,,,2026-08-07 15:42,確認書,,,,,,,0,0,0,0,1,0,0,0,1
601,S100YVDG,E41564,,,眞野　定也,,060,090001,360,,,2026-08-07 15:42,訂正報告書（大量保有報告書・変更報告書）,E05241,,,,S100XPE0,,0,0,0,1,1,0,0,1,1
602,S100YUJU,E00395,25030,5010001034768,キリンホールディングス株式会社,,010,113001,090,,,2026-08-07 15:42,訂正発行登録書,,,,,S100WQAX,,0,0,0,0,1,0,0,0,1
603,S100YUVZ,E03044,82540,3020001074170,株式会社さいか屋,,010,170000,220,,,2026-08-07 15:43,自己株券買付状況報告書（法２４条の６第１項に基づくもの）,,,,,,,0,0,0,1,1,0,0,1,1
604,S100YUS1,E00882,44060,5130001014766,新日本理化株式会社,,010,053000,180,,,2026-08-07 15:43,臨時報告書,,,,"第19条第2項第12号,第19条第2項第19号",,,0,0,0,1,1,0,0,1,1
605,S100YUOZ,E38926,62230,5290001036357,株式会社　西部技研,,010,043A00,160,2026-01-01,2026-12-31,2026-08-07 15:43,半期報告書－第62期(2026/01/01－2026/12/31),,,,,,,0,0,0,1,1,0,0,1,1
606,S100YUJT,E00395,25030,5010001034768,キリンホールディングス株式会社,,010,170000,220,,,2026-08-07 15:43,自己株券買付状況報告書（法２４条の６第１項に基づくもの）,,,,,,,0,0,0,1,1,0,0,1,1
607,S100YV2U,E36069,,,Ｌｏｎｇ　Ｃｏｒｒｉｄｏｒ　Ａｓｓｅｔ　Ｍａｎａｇｅｍｅｎｔ　Ｌｉｍｉｔｅｄ,,060,010002,350,,,2026-08-07 15:44,変更報告書,E03740,,,,,,0,0,0,1,1,0,0,1,1
608,S100YV5J,E05726,21690,9180301001381,ＣＤＳ株式会社,,010,043A00,160,2026-01-01,2026-12-31,2026-08-07 15:44,半期報告書－第47期(2026/01/01－2026/12/31),,,,,,,0,0,0,1,1,0,0,1,1
609,S100YTTJ,E35239,,2010001143423,光通信株式会社,,060,010002,350,,,2026-08-07 15:44,変更報告書,E05471,,,,S100JBDM,,0,0,0,1,1,1,0,1,1
610,S100YU2Z,E02932,26930,6011001023677,ＹＫＴ株式会社,,010,043A00,160,2026-01-01,2026-12-31,2026-08-07 15:44,半期報告書－第50期(2026/01/01－2026/12/31),,,,,,,0,0,0,1,1,0,0,1,1
611,S100YUDT,E08491,,,バークレイズ・キャピタル・セキュリティーズ・リミテッド,,060,030002,350,,,2026-08-07 15:44,変更報告書（特例対象株券等）,E03634,,,,S100YRLQ,,0,0,0,1,1,1,0,1,1
612,S100YV5P,E05726,21690,9180301001381,ＣＤＳ株式会社,,010,042000,135,,,2026-08-07 15:44,確認書,,,,,,,0,0,0,0,1,0,0,0,1
613,S100YUP1,E38926,62230,5290001036357,株式会社　西部技研,,010,042000,135,,,2026-08-07 15:44,確認書,,,,,,,0,0,0,0,1,0,0,0,1
614,S100YU30,E02932,26930,6011001023677,ＹＫＴ株式会社,,010,042000,135,,,2026-08-07 15:45,確認書,,,,,,,0,0,0,0,1,0,0,0,1
615,S100YSFT,E35720,,3010401144284,トライヴィスタ・キャピタル株式会社,,060,030000,350,,,2026-08-07 15:46,大量保有報告書（特例対象株券等）,E39760,,,,,,0,0,0,1,1,0,0,1,1
616,S100YV2D,E37584,93480,3030003001527,株式会社ｉｓｐａｃｅ,,010,053000,180,,,2026-08-07 15:46,臨時報告書,,,,第19条第2項第19号,,,0,0,0,1,1,0,0,1,1
617,S100YV98,E26225,,,新韓銀行,,010,102000,180,,,2026-08-07 15:46,臨時報告書,,,,,,,0,0,0,0,1,1,0,0,1
618,S100YVFP,E05424,37470,3010001080186,株式会社インタートレード,,010,053000,180,,,2026-08-07 15:47,臨時報告書,,,,第19条第2項第19号,,,0,0,0,1,1,0,0,1,1
619,S100YU39,E00692,79110,7010501016231,ＴＯＰＰＡＮホールディングス株式会社,,010,170000,220,,,2026-08-07 15:47,自己株券買付状況報告書（法２４条の６第１項に基づくもの）,,,,,,,0,0,0,1,1,0,0,1,1
620,S100YUXA,E02861,75310,2120001044593,清和中央ホールディングス株式会社,,010,043A00,160,2026-01-01,2026-12-31,2026-08-07 15:48,半期報告書－第73期(2026/01/01－2026/12/31),,,,,,,0,0,0,1,1,0,0,1,1
621,S100YVFR,E01884,65880,8010701016022,東芝テック株式会社,,010,053000,180,,,2026-08-07 15:48,臨時報告書,,,,第19条第2項第12号,,,0,0,0,1,1,0,0,1,1
622,S100YUSX,E36091,66120,1012701010928,バルミューダ株式会社,,010,043A00,160,2026-01-01,2026-12-31,2026-08-07 15:48,半期報告書－第24期(2026/01/01－2026/12/31),,,,,,,0,0,0,1,1,0,0,1,1
623,S100YUXF,E02861,75310,2120001044593,清和中央ホールディングス株式会社,,010,042000,135,,,2026-08-07 15:48,確認書,,,,,,,0,0,0,0,1,0,0,0,1
624,S100YTTO,E35239,,2010001143423,光通信株式会社,,060,010002,350,,,2026-08-07 15:49,変更報告書,E38373,,,,S100WMS3,,0,0,0,1,1,1,0,1,1
625,S100YUQB,E03497,30640,6140001054380,株式会社ＭｏｎｏｔａＲＯ,,010,043A00,160,2026-01-01,2026-12-31,2026-08-07 15:49,半期報告書－第27期(2026/01/01－2026/12/31),,,,,,,0,0,0,1,1,0,0,1,1
626,S100YUQH,E03497,30640,6140001054380,株式会社ＭｏｎｏｔａＲＯ,,010,042000,135,,,2026-08-07 15:49,確認書,,,,,,,0,0,0,0,1,0,0,0,1
627,S100YV6L,E02444,78740,7010001128155,レック株式会社,,010,170000,220,,,2026-08-07 15:50,自己株券買付状況報告書（法２４条の６第１項に基づくもの）,,,,,,,0,0,0,1,1,0,0,1,1
628,S100YUTB,E36091,66120,1012701010928,バルミューダ株式会社,,010,042000,135,,,2026-08-07 15:51,確認書,,,,,,,0,0,0,0,1,0,0,0,1
629,S100YUEG,E05982,,,バークレイズ・バンク・ピーエルシー,,060,030002,350,,,2026-08-07 15:51,変更報告書（特例対象株券等）,E01875,,,,S100YRQ1,,0,0,0,1,1,1,0,1,1
630,S100YVFT,E27815,31870,5120001080628,株式会社ミラタップ,,010,170000,220,,,2026-08-07 15:51,自己株券買付状況報告書（法２４条の６第１項に基づくもの）,,,,,,,0,0,0,1,1,0,0,1,1
631,S100YV5R,E01205,52160,1370201003004,株式会社倉元製作所,,010,043A00,160,2026-01-01,2026-12-31,2026-08-07 15:51,半期報告書－第52期(2026/01/01－2026/12/31),,,,,,,0,0,0,1,1,0,0,1,1
632,S100YVAP,E38465,,,江見　由希子,,060,010002,350,,,2026-08-07 15:51,変更報告書,E34507,,,,,,0,0,0,1,1,1,0,1,1
633,S100YUL9,E30438,42460,3240001036909,ダイキョーニシカワ株式会社,,010,170000,220,,,2026-08-07 15:52,自己株券買付状況報告書（法２４条の６第１項に基づくもの）,,,,,,,0,0,0,1,1,0,0,1,1
634,S100YV5S,E01205,52160,1370201003004,株式会社倉元製作所,,010,042000,135,,,2026-08-07 15:52,確認書,,,,,,,0,0,0,0,1,0,0,0,1
635,S100YVFW,E05143,48000,5010401038988,オリコン株式会社,,010,053000,180,,,2026-08-07 15:52,臨時報告書,,,,第19条第2項第4号の4,,,0,0,0,1,1,0,0,1,1
636,S100YV9D,E26225,,,新韓銀行,,010,142001,090,,,2026-08-07 15:56,訂正発行登録書,,,,,S100W1SN,,0,0,0,0,1,1,0,0,1
637,S100YUW2,E36750,62270,6050001041264,ＡＩメカテック株式会社,,010,053000,180,,,2026-08-07 15:57,臨時報告書,,,,第19条第2項第19号,,,0,0,0,1,1,0,0,1,1
638,S100YVCU,E00879,41180,8120001059628,株式会社カネカ,,010,170000,220,,,2026-08-07 15:58,自己株券買付状況報告書（法２４条の６第１項に基づくもの）,,,,,,,0,0,0,1,1,0,0,1,1
639,S100YV1S,E01506,61460,6010801007501,株式会社ディスコ,,010,053001,190,,,2026-08-07 16:00,訂正臨時報告書,,,,第19条第2項第2号の2,S100YRV8,,0,0,0,1,1,0,0,1,1
640,S100YVBG,E00094,19510,3011001031955,エクシオグループ株式会社,,010,053000,180,,,2026-08-07 16:00,臨時報告書,,,,第19条第2項第2号の2,,,0,0,0,1,1,0,0,1,1
641,S100YUWE,E01469,60130,4140001053517,株式会社タクマ,,010,170000,220,,,2026-08-07 16:00,自己株券買付状況報告書（法２４条の６第１項に基づくもの）,,,,,,,0,0,0,1,1,0,0,1,1
642,S100YVFX,E03495,30630,8180001050135,株式会社ジェイグループホールディングス,,010,022000,030,,,2026-08-07 16:00,有価証券届出書（組込方式）,,,,,,,0,0,0,1,1,1,0,1,1
643,S100YUN5,E02120,66330,4010701025183,株式会社ＣＧＳホールディングス,,010,043A00,160,2026-01-01,2026-12-31,2026-08-07 16:00,半期報告書－第20期(2026/01/01－2026/12/31),,,,,,,0,0,0,1,1,0,0,1,1
644,S100YV7Z,E02127,70120,1140001005719,川崎重工業株式会社,,010,113001,090,,,2026-08-07 16:00,訂正発行登録書,,,,,S100U9B3,,0,0,0,0,1,0,0,0,1
645,S100YUE3,E00854,41860,3020001069823,東京応化工業株式会社,,010,043A00,160,2026-01-01,2026-12-31,2026-08-07 16:00,半期報告書－第97期(2026/01/01－2026/12/31),,,,,,,0,0,0,1,1,0,0,1,1
646,S100YV5T,E35139,70810,3010401025419,コーユーレンティア株式会社,,010,043A00,160,2026-01-01,2026-12-31,2026-08-07 16:00,半期報告書－第57期(2026/01/01－2026/12/31),,,,,,,0,0,0,1,1,0,0,1,1
647,S100YUY1,E38178,93390,6010001075555,株式会社コーチ・エィ,,010,043A00,160,2026-01-01,2026-12-31,2026-08-07 16:00,半期報告書－第26期(2026/01/01－2026/12/31),,,,,,,0,0,0,1,1,0,0,1,1
648,S100YUVU,E23871,66290,4180001088600,テクノホライゾン株式会社,,010,053000,180,,,2026-08-07 16:00,臨時報告書,,,,第19条第2項第8号の2,,,0,0,0,1,1,0,0,1,1
649,S100YUZF,E27132,,,森久保　哲司,,060,010002,350,,,2026-08-07 16:00,変更報告書,E27063,,,,,,0,0,0,1,1,1,0,1,1
650,S100YTWE,E38700,,,牧　寛之,,060,020002,350,,,2026-08-07 16:00,変更報告書（短期大量譲渡）,E27063,,,,S100XK0I,,0,0,0,1,1,1,0,1,1
651,S100YV6G,E35139,70810,3010401025419,コーユーレンティア株式会社,,010,042000,135,,,2026-08-07 16:00,確認書,,,,,,,0,0,0,0,1,0,0,0,1
652,S100YUN7,E02120,66330,4010701025183,株式会社ＣＧＳホールディングス,,010,042000,135,,,2026-08-07 16:00,確認書,,,,,,,0,0,0,0,1,0,0,0,1
653,S100YUY3,E38178,93390,6010001075555,株式会社コーチ・エィ,,010,042000,135,,,2026-08-07 16:00,確認書,,,,,,,0,0,0,0,1,0,0,0,1
654,S100YVCA,E36133,49350,4011001034965,株式会社リベルタ,,010,043A00,160,2026-01-01,2026-12-31,2026-08-07 16:01,半期報告書－第31期(2026/01/01－2026/12/31),,,,,,,0,0,0,1,1,0,0,1,1
655,S100YUQI,E01504,61430,3020001020736,株式会社ソディック,,010,043A00,160,2026-01-01,2026-12-31,2026-08-07 16:01,半期報告書－第51期(2026/01/01－2026/12/31),,,,,,,0,0,0,1,1,0,0,1,1
656,S100YVBY,E00094,19510,3011001031955,エクシオグループ株式会社,,010,113001,090,,,2026-08-07 16:01,訂正発行登録書,,,,,S100XVYB,,0,0,0,0,1,0,0,0,1
657,S100YUVS,E00476,29040,5110001001304,一正蒲鉾株式会社,,010,053001,190,,,2026-08-07 16:01,訂正臨時報告書,,,,第19条第2項第7号,S100Y46C,,0,0,0,1,1,0,0,1,1
658,S100YUBF,E00854,41860,3020001069823,東京応化工業株式会社,,010,042000,135,,,2026-08-07 16:01,確認書,,,,,,,0,0,0,0,1,0,0,0,1
659,S100YV7J,E21261,21810,8011001058176,パーソルホールディングス株式会社,,010,113001,090,,,2026-08-07 16:01,訂正発行登録書,,,,,S100VRYZ,,0,0,0,0,1,0,0,0,1
660,S100YV9X,E36133,49350,4011001034965,株式会社リベルタ,,010,042000,135,,,2026-08-07 16:01,確認書,,,,,,,0,0,0,0,1,0,0,0,1
661,S100YU8E,E01659,59460,8250001005924,株式会社長府製作所,,010,042000,135,,,2026-08-07 16:01,確認書,,,,,,,0,0,0,0,1,0,0,0,1
662,S100YU6K,E35393,,1010401082024,株式会社シティインデックスイレブンス,,060,010002,350,,,2026-08-07 16:01,変更報告書,E34684,,,,S100XH38,,0,0,0,1,1,1,0,1,1
663,S100YV1H,E01504,61430,3020001020736,株式会社ソディック,,010,042000,135,,,2026-08-07 16:02,確認書,,,,,,,0,0,0,0,1,0,0,0,1
664,S100YV8H,E00094,19510,3011001031955,エクシオグループ株式会社,,010,170000,220,,,2026-08-07 16:02,自己株券買付状況報告書（法２４条の６第１項に基づくもの）,,,,,,,0,0,0,1,1,0,0,1,1
665,S100YU8C,E01659,59460,8250001005924,株式会社長府製作所,,010,043A00,160,2026-01-01,2026-12-31,2026-08-07 16:02,半期報告書－第73期(2026/01/01－2026/12/31),,,,,,,0,0,0,1,1,0,0,1,1
666,S100YV2N,E39685,,1011001148909,グロースパートナーズ株式会社,,060,010002,350,,,2026-08-07 16:03,変更報告書,E33825,,,,S100VN4R,,0,0,0,1,1,1,0,1,1
667,S100YVBC,E05315,23380,2011101046458,クオンタムソリューションズ株式会社,,010,023000,030,,,2026-08-07 16:03,有価証券届出書（参照方式）,,,,,,,0,0,0,1,1,1,0,1,1
668,S100YV5E,E01545,61180,6021001011037,アイダエンジニアリング株式会社,,010,053000,180,,,2026-08-07 16:04,臨時報告書,,,,第19条第2項第2号の2,,,0,0,0,1,1,0,0,1,1
669,S100YV9C,E26225,,,新韓銀行,,010,142001,090,,,2026-08-07 16:04,訂正発行登録書,,,,,S100W1SS,,0,0,0,0,1,1,0,0,1
670,S100YUTM,E27842,32880,5011001028165,株式会社オープンハウスグループ,,010,170000,220,,,2026-08-07 16:05,自己株券買付状況報告書（法２４条の６第１項に基づくもの）,,,,,,,0,0,0,1,1,0,0,1,1
671,S100YV8X,E02452,64250,6010601025422,株式会社ユニバーサルエンターテインメント,,010,043A00,160,2026-01-01,2026-12-31,2026-08-07 16:05,半期報告書－第54期(2026/01/01－2026/12/31),,,,,,,0,0,0,1,1,0,0,1,1
672,S100YVF0,E01545,61180,6021001011037,アイダエンジニアリング株式会社,,010,170000,220,,,2026-08-07 16:05,自己株券買付状況報告書（法２４条の６第１項に基づくもの）,,,,,,,0,0,0,1,1,0,0,1,1
673,S100YV87,E02452,64250,6010601025422,株式会社ユニバーサルエンターテインメント,,010,042000,135,,,2026-08-07 16:06,確認書,,,,,,,0,0,0,0,1,0,0,0,1
674,S100YVGD,E05425,24130,1010401063016,エムスリー株式会社,,010,170000,220,,,2026-08-07 16:07,自己株券買付状況報告書（法２４条の６第１項に基づくもの）,,,,,,,0,0,0,1,1,0,0,1,1
675,S100YVDP,E02189,64930,3021001022920,株式会社ＮＩＴＴＡＮ,,010,030001,130,,,2026-08-07 16:07,訂正有価証券報告書－第104期(2025/04/01－2026/03/31),,,,,S100YIJ0,,0,0,0,1,1,0,0,1,1
676,S100YUR9,E01421,59500,5120001108081,日本パワーファスニング株式会社,,010,043A00,160,2026-01-01,2026-12-31,2026-08-07 16:07,半期報告書－第64期(2026/01/01－2026/12/31),,,,,,,0,0,0,1,1,0,0,1,1
677,S100YURC,E01421,59500,5120001108081,日本パワーファスニング株式会社,,010,042000,135,,,2026-08-07 16:09,確認書,,,,,,,0,0,0,0,1,0,0,0,1
678,S100YV6M,E01892,69020,9180301014251,株式会社デンソー,,010,170000,220,,,2026-08-07 16:09,自己株券買付状況報告書（法２４条の６第１項に基づくもの）,,,,,,,0,0,0,1,1,0,0,1,1
679,S100YVGF,E42069,,4010001267286,株式会社Ｓａｎｄｂｏｘ,,040,020000,240,,,2026-08-07 16:09,公開買付届出書,,E27655,,,,,0,0,0,1,1,1,0,1,1
680,S100YV0C,E03724,85080,2010401094729,Ｊトラスト株式会社,,010,043A00,160,2026-01-01,2026-12-31,2026-08-07 16:10,半期報告書－第51期(2026/01/01－2026/12/31),,,,,,,0,0,0,1,1,0,0,1,1
681,S100YU6C,E01442,59710,1220001011873,株式会社共和工業所,,010,170000,220,,,2026-08-07 16:10,自己株券買付状況報告書（法２４条の６第１項に基づくもの）,,,,,,,0,0,0,1,1,0,0,1,1
682,S100YVGH,E40964,431A0,3011101023530,ユーソナー株式会社,,010,043A00,160,2026-01-01,2026-12-31,2026-08-07 16:10,半期報告書－第37期(2026/01/01－2026/12/31),,,,,,,0,0,0,1,1,0,0,1,1
683,S100YUJV,E02743,98270,2011101022797,リリカラ株式会社,,010,043A00,160,2026-01-01,2026-12-31,2026-08-07 16:10,半期報告書－第86期(2026/01/01－2026/12/31),,,,,,,0,0,0,1,1,0,0,1,1
684,S100YUPG,E03724,85080,2010401094729,Ｊトラスト株式会社,,010,042000,135,,,2026-08-07 16:10,確認書,,,,,,,0,0,0,0,1,0,0,0,1
685,S100YUEN,E36539,73770,8010001219795,ＤＮホールディングス株式会社,,010,053000,180,,,2026-08-07 16:11,臨時報告書,,,,第19条第2項第9号,,,0,0,0,1,1,0,0,1,1
686,S100YUSR,E05147,48120,7010401053829,株式会社電通総研,,010,043A00,160,2026-01-01,2026-12-31,2026-08-07 16:11,半期報告書－第52期(2026/01/01－2026/12/31),,,,,,,0,0,0,1,1,0,0,1,1
687,S100YVGK,E40964,431A0,3011101023530,ユーソナー株式会社,,010,042000,135,,,2026-08-07 16:11,確認書,,,,,,,0,0,0,0,1,0,0,0,1
688,S100YUSY,E05147,48120,7010401053829,株式会社電通総研,,010,042000,135,,,2026-08-07 16:12,確認書,,,,,,,0,0,0,0,1,0,0,0,1
689,S100YUK0,E02743,98270,2011101022797,リリカラ株式会社,,010,042000,135,,,2026-08-07 16:12,確認書,,,,,,,0,0,0,0,1,0,0,0,1
690,S100YVGL,E40452,334A0,9011001019532,株式会社ビジュアル・プロセッシング・ジャパン,,010,043A00,160,2026-01-01,2026-12-31,2026-08-07 16:13,半期報告書－第33期(2026/01/01－2026/12/31),,,,,,,0,0,0,1,1,0,0,1,1
691,S100YVGU,E02189,64930,3021001022920,株式会社ＮＩＴＴＡＮ,,010,042100,135,,,2026-08-07 16:14,確認書,,,,,S100YVDP,,0,0,0,0,1,0,0,0,1
692,S100YVGP,E40452,334A0,9011001019532,株式会社ビジュアル・プロセッシング・ジャパン,,010,042000,135,,,2026-08-07 16:14,確認書,,,,,,,0,0,0,0,1,0,0,0,1
693,S100YUVR,E01913,64440,5070001013386,サンデン株式会社,,010,043A00,160,2026-01-01,2026-12-31,2026-08-07 16:15,半期報告書－第101期(2026/01/01－2026/12/31),,,,,,,0,0,0,1,1,0,0,1,1
694,S100YUX8,E01913,64440,5070001013386,サンデン株式会社,,010,042000,135,,,2026-08-07 16:15,確認書,,,,,,,0,0,0,0,1,0,0,0,1
695,S100YVGR,E11661,62380,3011001049510,フリュー株式会社,,010,053000,180,,,2026-08-07 16:17,臨時報告書,,,,第19条第2項第2号の2,,,0,0,0,1,1,0,0,1,1
696,S100YV22,E35473,,,中谷　正和,,060,010002,350,,,2026-08-07 16:19,変更報告書,E05241,,,,S100P5F8,,0,0,0,1,1,0,0,1,1
697,S100YUSU,E00981,45650,4010001021288,ネクセラファーマ株式会社,,010,023001,040,,,2026-08-07 16:19,訂正有価証券届出書（参照方式）,,,,,S100TAGB,,0,0,0,1,1,0,0,1,1
698,S100YVGZ,E27054,29310,8010001112570,株式会社ユーグレナ,,010,043A00,160,2026-01-01,2026-12-31,2026-08-07 16:19,半期報告書－第22期(2026/01/01－2026/12/31),,,,,,,0,0,0,1,1,0,0,1,1
699,S100YV20,E35473,,,中谷　正和,,060,090001,360,,,2026-08-07 16:19,訂正報告書（大量保有報告書・変更報告書）,E05241,,,,S100XC4B,,0,0,0,1,1,0,0,1,1
700,S100YV02,E05031,,8010601027383,トヨタファイナンス株式会社,,010,113001,090,,,2026-08-07 16:20,訂正発行登録書,,,,,S100VA8I,,0,0,0,0,1,0,0,0,1
701,S100YV25,E35473,,,中谷　正和,,060,020002,350,,,2026-08-07 16:20,変更報告書（短期大量譲渡）,E05241,,,,S100P5F8,,0,0,0,1,1,0,0,1,1
702,S100YVGY,E27054,29310,8010001112570,株式会社ユーグレナ,,010,042000,135,,,2026-08-07 16:20,確認書,,,,,,,0,0,0,0,1,0,0,0,1
703,S100YBUH,E11961,,7013202001997,有限会社キタイアンドカンパニー,,060,020002,350,,,2026-08-06 13:12,変更報告書（短期大量譲渡）,E02664,,,,S100UTZQ,2026-08-07 16:20,0,1,0,1,1,1,0,1,1
704,S100YUU5,E33882,92720,7010701023374,ブティックス株式会社,,010,170000,220,,,2026-08-07 16:21,自己株券買付状況報告書（法２４条の６第１項に基づくもの）,,,,,,,0,0,0,1,1,0,0,1,1
705,S100YVGJ,E39114,55970,7010002053617,ブルーイノベーション株式会社,,010,043A00,160,2026-01-01,2026-12-31,2026-08-07 16:22,半期報告書－第28期(2026/01/01－2026/12/31),,,,,,,0,0,0,1,1,0,0,1,1
706,S100YVGX,E33000,35630,8120901035199,株式会社ＦＯＯＤ　＆　ＬＩＦＥ　ＣＯＭＰＡＮＩＥＳ,,010,053000,180,,,2026-08-07 16:22,臨時報告書,,,,第19条第2項第3号,,,0,0,0,1,1,0,0,1,1
707,S100YVH3,E27655,36760,1010401108134,株式会社デジタルハーツホールディングス,,040,040000,290,,,2026-08-07 16:23,意見表明報告書,,E42069,,,S100YVGF,,0,0,0,1,1,0,0,1,1
708,S100YVE5,E36690,,,三浦　陽平,,060,010002,350,,,2026-08-07 16:23,変更報告書,E36648,,,,S100LLI0,,0,0,0,1,1,1,0,1,1
709,S100YVGT,E39114,55970,7010002053617,ブルーイノベーション株式会社,,010,042000,135,,,2026-08-07 16:24,確認書,,,,,,,0,0,0,0,1,0,0,0,1
710,S100YUUZ,E00604,80290,5013201006462,株式会社ルックホールディングス,,010,043A00,160,2026-01-01,2026-12-31,2026-08-07 16:27,半期報告書－第65期(2026/01/01－2026/12/31),,,,,,,0,0,0,1,1,0,0,1,1
711,S100YUV1,E00604,80290,5013201006462,株式会社ルックホールディングス,,010,042000,135,,,2026-08-07 16:27,確認書,,,,,,,0,0,0,0,1,0,0,0,1
712,S100YVH1,E04262,,5430001050054,新日本海フェリー株式会社,,010,053000,180,,,2026-08-07 16:28,臨時報告書,,,,第19条第2項第19号,,,0,0,0,1,1,0,0,1,1
713,S100YV7V,E25870,32760,5010001083682,株式会社ＪＰＭＣ,,010,043A00,160,2026-01-01,2026-12-31,2026-08-07 16:28,半期報告書－第25期(2026/01/01－2026/12/31),,,,,,,0,0,0,1,1,0,0,1,1
714,S100YV9N,E41246,,,平石　智紀,,060,010002,350,,,2026-08-07 16:28,変更報告書,E41081,,,,,,0,0,0,1,1,1,0,1,1
715,S100YUNG,E05275,43510,8020001016168,株式会社山田再生系債権回収総合事務所,,010,043A00,160,2026-01-01,2026-12-31,2026-08-07 16:28,半期報告書－第46期(2026/01/01－2026/12/31),,,,,,,0,0,0,1,1,0,0,1,1
716,S100YUNM,E05275,43510,8020001016168,株式会社山田再生系債権回収総合事務所,,010,042000,135,,,2026-08-07 16:29,確認書,,,,,,,0,0,0,0,1,0,0,0,1
717,S100YV35,E01726,62680,3010001142283,ナブテスコ株式会社,,010,170000,220,,,2026-08-07 16:30,自己株券買付状況報告書（法２４条の６第１項に基づくもの）,,,,,,,0,0,0,1,1,0,0,1,1
718,S100YV2L,E01913,64440,5070001013386,サンデン株式会社,,010,023000,030,,,2026-08-07 16:30,有価証券届出書（参照方式）,,,,,,,0,0,0,1,1,1,0,1,1
719,S100YV8J,E25870,32760,5010001083682,株式会社ＪＰＭＣ,,010,042000,135,,,2026-08-07 16:30,確認書,,,,,,,0,0,0,0,1,0,0,0,1
720,S100YTW1,E02644,80600,5010401008297,キヤノンマーケティングジャパン株式会社,,010,043A00,160,2026-01-01,2026-12-31,2026-08-05 13:38,半期報告書－第59期(2026/01/01－2026/12/31),,,,,,2026-08-07 16:32,0,1,0,1,1,0,0,1,1
721,S100YVGG,E36944,43770,8011001106991,株式会社ワンキャリア,,010,053001,190,,,2026-08-07 16:34,訂正臨時報告書,,,,第19条第2項第12号,S100YTE2,,0,0,0,1,1,0,0,1,1
722,S100YU20,E01180,53560,5200001021920,美濃窯業株式会社,,010,053000,180,,,2026-08-07 16:35,臨時報告書,,,,第19条第2項第2号の2,,,0,0,0,1,1,0,0,1,1
723,S100YVGO,E41330,,,山本裕治,,060,010002,350,,,2026-08-07 16:43,変更報告書,E04322,,,,,,0,0,0,1,1,0,0,1,1
724,S100YV3H,E01726,62680,3010001142283,ナブテスコ株式会社,,010,170000,220,,,2026-08-07 16:44,自己株券買付状況報告書（法２４条の６第１項に基づくもの）,,,,,,,0,0,0,1,1,0,0,1,1
725,S100YU2F,E41128,,5010001192707,ＰａｙＰａｙ株式会社,,010,053000,180,,,2026-08-07 16:45,臨時報告書,,,,第19条第2項第19号,,,0,0,0,1,1,0,0,1,1
726,S100YTQZ,E41160,,6010401076302,国際自動車株式会社,,060,010002,350,,,2026-08-07 16:45,変更報告書,E04159,,,,S100WZ9F,,0,0,0,1,1,0,0,1,1
727,S100YUTQ,E01572,63690,2010601004909,トーヨーカネツ株式会社,,010,170000,220,,,2026-08-07 16:46,自己株券買付状況報告書（法２４条の６第１項に基づくもの）,,,,,,,0,0,0,1,1,0,0,1,1
728,S100YVAV,E02177,72440,9021001035727,市光工業株式会社,,010,043A00,160,2026-01-01,2026-06-30,2026-08-07 16:52,半期報告書－第97期(2026/01/01－2026/06/30),,,,,,,0,0,0,1,1,0,0,1,1
729,S100YV9F,E02177,72440,9021001035727,市光工業株式会社,,010,042000,135,,,2026-08-07 16:54,確認書,,,,,,,0,0,0,0,1,0,0,0,1
730,S100YU87,E11171,,,金親晋午,,060,010002,350,,,2026-08-07 16:54,変更報告書,E05625,,,,,,0,0,0,1,1,0,0,1,1
731,S100YV71,E01162,53010,6010401020094,東海カーボン株式会社,,010,043A00,160,2026-01-01,2026-12-31,2026-08-07 16:59,半期報告書－第165期(2026/01/01－2026/12/31),,,,,,,0,0,0,1,1,0,0,1,1
732,S100YV3D,E01162,53010,6010401020094,東海カーボン株式会社,,010,042000,135,,,2026-08-07 16:59,確認書,,,,,,,0,0,0,0,1,0,0,0,1
733,S100YRLT,E23282,,,瀬戸　健,,060,010002,350,,,2026-08-07 17:00,変更報告書,E00518,,,,,,0,0,0,1,1,1,0,1,1
734,S100YUGJ,E10670,,2010001066608,シンプレクス・アセット・マネジメント株式会社,,060,030002,350,,,2026-08-07 17:01,変更報告書（特例対象株券等）,E01445,,,,S100P66B,,0,0,0,1,1,0,0,1,1
735,S100YV2Q,E31575,62390,5120101043534,株式会社ナガオカ,,010,053000,180,,,2026-08-07 17:01,臨時報告書,,,,第19条第2項第12号,,,0,0,0,1,1,0,0,1,1
736,S100YUPI,E34498,70430,6010001145804,アルー株式会社,,010,043A00,160,2026-01-01,2026-12-31,2026-08-07 17:07,半期報告書－第24期(2026/01/01－2026/12/31),,,,,,,0,0,0,1,1,0,0,1,1
737,S100YVHF,E04191,90720,7010001035005,ニッコンホールディングス株式会社,,010,043A01,170,,,2026-08-07 17:07,訂正半期報告書－第85期(2025/04/01－2026/03/31),,,,,S100X2ST,,0,0,0,1,1,0,0,1,1
738,S100YUO5,E34498,70430,6010001145804,アルー株式会社,,010,042000,135,,,2026-08-07 17:08,確認書,,,,,,,0,0,0,0,1,0,0,0,1
739,S100YVHV,E04191,90720,7010001035005,ニッコンホールディングス株式会社,,010,030001,130,,,2026-08-07 17:08,訂正有価証券報告書－第85期(2025/04/01－2026/03/31),,,,,S100YLI5,,0,0,0,1,1,0,0,1,1
740,S100YVI2,E01648,64940,9020001018394,株式会社ＮＦＫホールディングス,,010,053000,180,,,2026-08-07 17:12,臨時報告書,,,,第19条第2項第3号,,,0,0,0,1,1,0,0,1,1
741,S100YVI6,E04191,90720,7010001035005,ニッコンホールディングス株式会社,,010,042200,135,,,2026-08-07 17:12,確認書,,,,,S100YVHF,,0,0,0,0,1,0,0,0,1
742,S100YVI7,E04191,90720,7010001035005,ニッコンホールディングス株式会社,,010,042100,135,,,2026-08-07 17:13,確認書,,,,,S100YVHV,,0,0,0,0,1,0,0,0,1
